"GDP, current prices (Billions of U.S. dollars)",1980,1981,1982,1983,1984,1985,1986,1987,1988,1989,1990,1991,1992,1993,1994,1995,1996,1997,1998,1999,2000,2001,2002,2003,2004,2005,2006,2007,2008,2009,2010,2011,2012,2013,2014,2015,2016,2017,2018,2019,2020,2021,2022,2023,2024
Afghanistan,no data,no data,no data,no data,no data,no data,no data,no data,no data,no data,no data,no data,no data,no data,no data,no data,no data,no data,no data,no data,no data,no data,4.367,4.553,5.146,6.167,6.925,8.556,10.297,12.066,15.325,17.89,20.293,20.17,20.616,20.057,19.428,20.235,19.63,18.734,18.861,19.998,21.54,23.237,25.19
Albania,1.946,2.229,2.296,2.319,2.29,2.339,2.587,2.566,2.53,2.779,2.221,1.333,0.843,1.461,2.361,2.882,3.2,2.259,2.56,3.209,3.483,3.928,4.348,5.611,7.185,8.052,8.896,10.677,12.881,12.044,11.937,12.899,12.324,12.784,13.246,11.389,11.862,13.059,15.059,15.418,16.753,18.117,19.64,21.131,22.757
Algeria,42.346,44.372,44.78,47.529,51.513,61.132,61.535,63.3,51.664,52.558,61.892,46.67,49.217,50.963,42.426,42.066,46.941,48.178,48.188,48.845,54.749,54.745,56.761,67.864,85.327,103.198,117.027,134.977,171.001,137.054,161.207,200.251,209.016,209.755,213.81,165.979,160.034,167.39,173.757,172.781,178.637,181.569,185.733,188.434,178.174
Angola,6.639,6.214,6.214,6.476,6.864,8.457,7.918,9.05,9.818,11.421,12.571,12.186,9.395,6.819,4.965,6.197,7.994,9.388,7.958,7.526,11.166,10.93,15.286,17.813,23.552,36.971,52.381,65.266,88.539,70.307,83.799,111.79,128.053,136.71,145.712,116.194,101.124,122.124,105.902,91.527,88.983,92.596,97.244,103.261,108.988
Antigua and Barbuda,0.131,0.148,0.164,0.182,0.208,0.241,0.29,0.337,0.399,0.439,0.459,0.482,0.499,0.535,0.589,0.577,0.634,0.681,0.728,0.766,0.83,0.801,0.815,0.856,0.92,1.022,1.157,1.311,1.368,1.224,1.149,1.138,1.2,1.181,1.25,1.337,1.437,1.468,1.611,1.688,1.779,1.861,1.937,2.016,2.098
Argentina,226.569,184.014,91.376,112.721,126.563,95.593,114.949,117.854,138.044,88.567,153.205,205.515,247.987,256.365,279.15,280.08,295.12,317.549,324.242,307.673,308.491,291.738,108.731,138.071,164.911,199.273,232.892,287.921,363.545,334.633,424.729,527.644,579.666,611.471,563.614,642.464,556.774,642.928,519.487,445.469,443.249,481.841,518.662,557.182,579.623
Armenia,no data,no data,no data,no data,no data,no data,no data,no data,no data,no data,no data,no data,0.108,0.835,0.648,1.287,1.597,1.639,1.892,1.845,1.912,2.118,2.376,2.807,3.577,4.9,6.384,9.206,11.662,8.648,9.26,10.142,10.619,11.121,11.61,10.553,10.546,11.527,12.433,13.444,14.132,15.025,15.975,16.937,17.953
Aruba,no data,no data,no data,no data,no data,no data,no data,no data,no data,no data,no data,no data,no data,no data,no data,1.321,1.38,1.532,1.665,1.723,1.873,1.92,1.941,2.021,2.228,2.331,2.424,2.615,2.745,2.499,2.391,2.55,2.535,2.58,2.649,2.691,2.657,2.679,2.822,2.903,2.971,3.068,3.169,3.274,3.384
Australia,162.619,188.057,186.698,179.141,196.766,174.057,181.137,212.7,270.58,307.701,323.373,323.794,317.469,308.743,352.566,378.121,423.55,425.553,380.6,411.045,399.126,376.707,424.358,539.735,656.519,734.283,781.142,947.938,1055.569,998.935,1251.717,1513.991,1569.104,1518.345,1457.486,1235.125,1267.75,1386.772,1420.045,1376.255,1375.448,1440.463,1513.75,1591.776,1670.168
Austria,80.923,70.122,70.111,71.033,67.007,68.624,97.375,121.771,133.592,133.263,166.867,174.435,195.506,190.383,203.97,241.235,237.343,213.045,218.557,217.475,197.377,197.51,214.243,262.208,301.321,316.267,336.298,389.231,432.005,401.322,392.595,431.609,409.661,430.197,442.699,381.998,394.212,417.721,456.166,447.718,462.572,483.398,503.707,525.314,548.227
Azerbaijan,no data,no data,no data,no data,no data,no data,no data,no data,no data,no data,no data,no data,1.193,1.309,2.258,2.417,3.177,3.963,4.28,4.581,5.273,5.475,6.232,7.276,8.682,13.273,21.027,33.09,48.979,44.289,52.913,65.99,69.687,74.16,75.24,50.844,37.83,41.375,46.94,47.171,48.038,49.404,51.518,54.154,57.128
"Bahamas, The",2.598,2.692,3.031,3.373,3.603,3.923,4.241,4.669,4.855,5.473,5.218,5.128,5.125,5.097,5.372,5.653,5.95,6.332,6.833,7.684,8.076,8.318,8.881,8.87,9.055,9.836,10.167,10.618,10.526,9.982,10.096,10.07,10.72,10.563,10.913,11.752,11.938,12.15,12.425,12.664,12.815,13.314,13.785,14.266,14.772
Bahrain,3.593,4.056,4.264,4.368,4.534,4.278,3.347,3.626,4.481,4.675,4.965,5.209,5.442,5.986,6.411,6.787,7.057,7.318,6.996,7.582,9.063,9.189,9.594,11.075,13.15,15.969,18.505,21.73,25.711,22.938,25.713,28.777,30.749,32.539,33.388,31.126,32.25,35.433,37.746,38.184,39.309,40.764,42.399,44.279,46.399
Bangladesh,22.632,22.057,20.197,21.165,24.064,24.756,25.954,28.633,30.904,34.046,35.383,36.468,36.476,38.234,41.538,45.921,48.168,50.34,51.928,53.984,54.586,54.755,57.5,63.204,68.593,70.921,75.77,85.604,97.062,108.896,122.039,131.079,141.705,161.297,184.013,208.322,235.623,262.077,288.424,317.465,347.991,380.86,416.842,456.217,499.311
Barbados,1.018,1.12,1.171,1.243,1.355,1.418,1.557,1.714,1.823,2.018,2.024,2.032,1.957,2.075,2.163,2.229,2.377,2.513,2.833,2.969,3.059,3.055,3.106,3.21,3.444,3.82,4.217,4.674,4.785,4.466,4.53,4.658,4.61,4.677,4.696,4.715,4.83,4.978,5.087,5.189,5.322,5.529,5.762,6.006,6.259
Belarus,no data,no data,no data,no data,no data,no data,no data,no data,no data,no data,no data,no data,12.364,11.02,15.152,10.179,13.953,13.543,14.589,11.678,12.758,12.421,14.654,17.812,23.141,30.211,36.963,45.275,60.746,50.855,57.22,61.368,65.669,75.496,78.736,56.329,47.703,54.723,59.643,62.572,63.582,64.004,65.209,66.486,67.354
Belgium,124.139,102.792,90.44,85.492,81.672,84.92,117.689,146.189,158.943,160.672,201.22,206.469,229.957,219.891,239.9,289.844,281.449,255.132,260.952,260.548,238.602,238.049,259.91,319.628,371.399,387.725,410.178,472.476,520.687,485.947,484.416,527.607,498.172,521.083,531.652,456.17,469.867,495.953,532.268,517.609,529.554,547.87,566.382,586.031,608.113
Belize,0.172,0.179,0.179,0.189,0.211,0.209,0.228,0.267,0.315,0.363,0.412,0.445,0.518,0.56,0.581,0.62,0.641,0.654,0.689,0.732,0.832,0.872,0.933,0.99,1.058,1.114,1.217,1.291,1.369,1.335,1.397,1.487,1.564,1.608,1.693,1.763,1.807,1.863,1.925,2.001,2.076,2.155,2.235,2.319,2.358
Benin,2.302,1.557,1.542,1.365,1.456,1.58,2.036,2.43,2.552,2.37,2.89,2.954,3.284,3.199,2.227,2.993,3.251,3.124,3.362,3.681,3.522,3.666,4.191,5.348,6.187,6.571,7.034,8.17,9.787,9.728,9.543,10.691,11.148,12.518,13.288,11.389,11.818,12.697,14.269,14.374,15.478,17.054,18.732,20.546,22.561
Bhutan,0.127,0.137,0.144,0.156,0.161,0.167,0.189,0.229,0.262,0.261,0.281,0.244,0.238,0.249,0.253,0.296,0.311,0.348,0.382,0.401,0.436,0.455,0.504,0.575,0.67,0.762,0.858,1.02,1.291,1.214,1.433,1.737,1.814,1.849,1.83,2.028,2.121,2.362,2.582,2.842,2.981,3.246,3.509,3.816,4.132
Bolivia,3.589,3.44,3.813,3.609,3.752,4.059,3.97,4.323,4.598,4.716,4.868,5.343,5.643,5.734,5.97,6.702,7.375,7.917,8.49,8.269,8.385,8.155,7.917,8.092,8.785,9.573,11.52,13.216,16.792,17.464,19.786,24.135,27.282,30.883,33.237,33.241,34.189,37.782,40.581,42.401,45.253,48.655,52.567,56.899,61.954
Bosnia and Herzegovina,no data,no data,no data,no data,no data,no data,no data,no data,no data,no data,no data,no data,no data,no data,no data,no data,3.584,4.578,5.281,5.766,5.554,5.784,6.711,8.477,10.157,10.935,12.46,15.323,18.712,17.601,17.164,18.629,17.207,18.155,18.522,16.21,16.91,18.081,20.162,20.106,21.023,22.077,23.214,24.456,25.882
Botswana,1.175,1.038,1.095,1.21,1.201,1.118,1.516,2.376,3.084,3.444,3.803,3.806,3.932,3.961,4.261,4.732,4.881,5.024,4.819,5.485,5.803,5.514,5.456,7.539,8.966,10.013,10.175,10.941,11.028,10.272,12.794,15.393,16.11,14.915,16.259,14.445,15.658,17.383,18.615,18.69,19.66,20.857,21.575,22.335,23.111
Brazil,145.767,167.523,179.102,143.601,142.906,226.858,263.163,286.438,319.991,439.278,455.173,399.108,382.329,429.032,546.57,786.536,850.415,884.308,865.115,599.867,655.435,559.962,509.358,557.68,668.432,890.671,1106.368,1396.105,1694.86,1667.666,2207.602,2613.979,2464.377,2471.529,2456.111,1799.882,1795.365,2052.807,1867.818,1847.02,1893.01,1987.816,2084.295,2188.892,2296.031
Brunei Darussalam,no data,no data,no data,no data,no data,4.434,2.704,3.105,2.955,3.314,3.908,4.109,4.646,4.558,4.537,5.255,5.679,5.769,4.496,5.106,6.662,6.218,6.487,7.279,8.739,10.581,12.736,13.576,16.005,11.892,13.707,18.525,19.047,18.092,17.098,12.931,11.399,12.128,13.568,12.455,12.812,13.096,13.511,13.903,14.328
Bulgaria,24.974,26.937,28.094,28.87,30.668,26.258,23.239,26.938,44.022,44.835,19.768,1.937,7.861,4.266,7.5,12.564,9.491,10.024,13.227,13.501,13.153,14.076,16.277,20.984,25.958,29.636,34.131,44.41,54.408,51.885,50.611,57.42,53.901,55.557,56.815,50.201,53.236,58.342,65.197,66.25,70.126,74.895,79.665,84.587,89.964
Burkina Faso,2.121,1.846,1.719,1.571,1.404,1.553,2.036,2.37,2.616,2.616,3.101,3.135,3.357,3.2,1.924,2.38,2.587,2.448,2.805,3.013,2.633,2.836,3.219,4.213,4.843,5.469,5.806,6.781,8.403,8.394,8.996,10.736,11.172,11.955,12.398,10.425,10.871,12.356,14.138,14.593,15.847,17.267,18.797,20.451,22.279
Burundi,0.951,0.989,1.045,1.106,1.005,1.17,1.233,1.161,1.088,1.131,1.131,1.167,1.082,0.938,0.924,1,0.868,0.972,0.893,0.866,0.87,0.877,0.825,0.785,0.915,1.117,1.273,1.356,1.612,1.775,2.032,2.236,2.333,2.575,2.934,3.005,3.138,3.396,3.436,3.573,3.714,3.862,4.078,4.349,4.64
Cabo Verde,0.157,0.154,0.155,0.152,0.145,0.152,0.21,0.26,0.292,0.295,0.339,0.353,0.395,0.398,0.448,0.536,0.553,0.54,0.575,0.652,0.589,0.616,0.679,0.891,1.023,1.09,1.237,1.514,1.789,1.712,1.664,1.865,1.752,1.851,1.861,1.597,1.664,1.773,1.979,2.013,2.156,2.317,2.494,2.683,2.89
Cambodia,no data,no data,no data,no data,no data,no data,0.205,0.141,0.276,0.346,0.899,2.011,2.439,2.427,2.765,3.441,3.507,3.443,3.13,3.513,3.667,3.992,4.289,4.665,5.334,6.287,7.268,8.63,10.342,10.391,11.232,12.818,14.057,15.228,16.702,18.083,20.043,22.189,24.444,26.73,28.977,31.406,34.077,37.002,40.153
Cameroon,8.193,9.281,8.901,8.972,9.482,9.903,12.909,14.952,15.184,13.539,13.553,15.112,13.851,14.451,9.833,9.326,10.393,10.509,10.495,10.695,9.802,10.377,11.588,14.558,17.44,17.974,19.374,22.397,26.514,26.094,26.191,29.37,29.121,32.358,34.999,30.932,32.635,34.997,38.712,38.632,40.621,43.5,46.717,50.302,54.324
Canada,276.035,307.243,314.635,341.859,356.723,366.179,379.009,433.133,509.372,567.215,596.077,612.503,594.365,579.05,579.904,605.921,630.577,654.989,633.996,678.408,744.623,738.961,760.144,895.593,1026.467,1173.49,1319.327,1468.897,1552.865,1376.509,1617.344,1793.327,1828.363,1846.595,1805.745,1556.506,1530.024,1649.934,1712.479,1730.914,1812.46,1910.944,2013.453,2122.741,2238.465
Central African Republic,0.714,0.743,0.719,0.69,0.67,0.883,1.158,1.275,1.372,1.354,1.572,1.498,1.494,1.309,0.858,1.117,1,0.979,1.036,1.039,0.868,0.899,0.983,1.188,1.31,1.413,1.538,1.755,2.033,2.059,2.141,2.435,2.512,1.692,1.896,1.696,1.825,2.071,2.28,2.321,2.493,2.709,2.94,3.184,3.45
Chad,0.738,0.873,0.844,0.844,0.907,0.983,1.211,1.372,1.604,1.515,1.826,1.809,1.886,1.648,1.335,1.636,1.819,1.748,1.975,1.739,1.572,1.936,2.257,3.102,5.003,6.676,7.451,8.687,10.43,9.315,10.701,12.183,12.411,12.994,14.003,10.952,10.202,10.079,11.051,11.026,11.937,13.008,14.203,15.118,16.257
Chile,28.829,34.133,25.45,20.673,20.104,17.238,18.531,21.856,25.765,29.679,32.998,37.981,46.27,49.505,57.114,73.599,78.024,84.907,81.562,75.094,77.815,70.971,69.729,75.643,99.224,122.996,154.864,173.569,179.488,172.52,218.308,252.096,267.021,278.345,260.479,243.909,250.268,277.674,298.18,294.237,308.505,327.038,345.767,365.092,385.112
"China, People's Republic of",305.348,290.827,286.719,307.677,316.628,312.616,303.34,330.303,411.923,461.066,398.623,415.604,495.671,623.054,566.471,736.87,867.224,965.338,1032.573,1097.138,1214.915,1344.077,1477.501,1671.065,1966.244,2308.8,2774.293,3571.451,4604.285,5121.681,6066.351,7522.103,8570.348,9635.025,10534.526,11226.186,11221.836,12062.285,13368.073,14140.163,15269.942,16579.105,17952.1,19407.737,20978.968
Colombia,46.342,50.488,54.067,53.736,53.075,48.415,48.482,50.467,54.406,54.861,55.879,57.757,68.345,77.456,97.332,110.186,115.734,127.055,117.323,102.78,98.931,97.273,97.02,93.751,115.986,145.163,161.363,205.755,242.028,232.565,286.039,334.476,370.344,381.844,381.24,293.493,282.72,311.796,330.974,327.895,343.177,362.517,382.799,404.416,427.464
Comoros,0.242,0.212,0.201,0.195,0.188,0.191,0.257,0.312,0.336,0.328,0.401,0.4,0.436,0.427,0.314,0.392,0.392,0.362,0.363,0.372,0.339,0.373,0.427,0.547,0.622,0.656,0.689,0.796,0.916,0.904,0.909,1.023,1.016,1.116,1.15,0.989,1.027,1.081,1.184,1.179,1.25,1.331,1.413,1.5,1.594
"Congo, Dem. Rep. of the",68.606,59.726,64.939,52.378,34.951,31.943,35.84,33.932,39.314,40.006,41.448,40.25,36.333,47.45,25.746,25.021,32.099,28.819,21.089,19.147,19.077,7.246,8.72,9.022,10.275,12.069,14.376,16.737,19.709,18.702,21.566,25.838,29.319,32.676,35.911,37.915,36.64,37.615,47.099,48.994,51.578,54.093,57.142,60.665,64.112
"Congo, Republic of ",2.083,1.708,1.489,1.354,1.245,1.276,1.746,2.121,2.257,2.384,2.799,2.725,2.933,2.684,1.769,2.116,2.54,2.323,1.949,2.357,3.22,2.794,3.02,3.503,4.655,6.093,7.739,7.446,10.216,9.366,12.303,14.814,13.664,14.026,14.1,8.554,7.787,8.932,11.664,11.576,11.54,11.475,11.218,11.29,11.598
Costa Rica,4.836,2.626,2.609,3.15,3.664,3.926,4.408,4.537,4.618,5.23,5.716,7.238,8.578,9.586,10.473,11.545,11.64,12.568,13.634,14.211,14.965,15.93,16.525,17.22,18.562,19.994,22.659,26.856,30.844,30.826,37.634,42.717,46.984,50.326,51.181,55.41,57.828,58.654,60.464,61.021,65.179,68.636,72.265,76.121,80.28
Croatia,no data,no data,no data,no data,no data,no data,no data,no data,no data,no data,no data,no data,12.247,12.968,17.349,22.388,23.601,23.974,25.346,23.374,21.774,23.29,26.868,34.668,41.523,45.347,50.387,60.11,70.465,62.712,59.866,62.399,56.549,58.158,57.683,49.519,51.623,55.201,60.805,60.702,63.172,66.508,68.711,72.215,75.838
Cyprus,2.314,2.242,2.319,2.321,2.447,2.611,3.317,3.979,4.589,4.901,6.003,6.195,7.424,7.098,8.004,9.937,10.016,9.544,10.251,10.502,9.988,10.397,11.422,14.552,17.328,18.713,20.422,24.082,27.951,26.017,25.606,27.46,25.056,24.093,23.401,19.691,20.461,22.189,24.493,24.28,25.36,26.894,28.442,29.986,31.698
Czech Republic,no data,no data,no data,no data,no data,no data,no data,no data,no data,no data,no data,no data,no data,no data,no data,59.768,66.986,61.783,66.465,64.867,61.645,67.524,81.899,99.662,119.162,136.281,155.464,189.032,236.031,206.303,207.478,227.948,207.376,209.402,207.818,186.83,195.09,215.914,245.226,246.953,261.732,276.106,290.539,305.392,321.621
Côte d'Ivoire,10.04,8.321,7.466,6.737,6.717,6.851,9.17,10.088,10.195,9.757,10.796,10.493,11.153,11.046,8.313,11,12.139,11.722,12.612,12.377,10.717,11.193,12.347,15.307,16.554,17.085,17.801,20.344,24.225,24.277,24.885,25.67,26.791,31.264,35.316,33.131,35.297,38.134,43.048,44.439,48.354,53.095,58.055,62.905,68.132
Denmark,71.127,61.878,60.413,60.645,59.105,62.658,88.079,109.414,115.552,112.41,138.248,139.226,152.915,143.195,156.164,185.008,187.633,173.539,176.991,177.964,164.158,164.791,178.635,218.097,251.375,264.467,282.886,319.424,353.359,321.243,321.995,344.003,327.149,343.584,352.994,302.673,311.988,329.866,352.058,347.176,360.506,376.572,393.851,412.523,432.303
Djibouti,no data,no data,no data,no data,no data,no data,no data,no data,no data,no data,0.635,0.649,0.671,0.654,0.69,0.699,0.693,0.706,0.722,0.759,0.78,0.811,0.837,0.881,0.935,0.995,1.079,1.19,1.381,1.425,1.542,1.739,1.9,2.043,2.216,2.445,2.619,2.767,2.923,3.166,3.423,3.701,4.002,4.327,4.678
Dominica,0.073,0.082,0.09,0.099,0.109,0.119,0.135,0.152,0.171,0.185,0.201,0.22,0.234,0.246,0.264,0.275,0.292,0.303,0.322,0.332,0.333,0.34,0.333,0.343,0.367,0.364,0.39,0.421,0.458,0.489,0.494,0.501,0.486,0.502,0.524,0.541,0.575,0.524,0.533,0.593,0.633,0.672,0.71,0.739,0.765
Dominican Republic,8.672,9.698,9.141,9.461,14.87,6.496,7.891,8.305,7.605,8.589,7.995,9.887,11.605,13.081,14.645,16.637,18.242,20.017,21.672,22.137,24.306,25.602,27.249,21.518,22.506,35.948,37.998,44.067,48.206,48.319,53.921,58.088,60.747,62.758,67.264,71.254,75.777,80.082,85.63,89.475,96.291,103.627,111.192,119.329,127.934
Ecuador,16.84,17.243,17.214,15.129,16.101,18.83,13.816,12.91,12.277,12.049,12.236,13.73,15.012,17.537,21.147,22.968,24.035,27.009,27.474,19.74,18.319,24.468,28.549,32.433,36.592,41.507,46.802,51.008,61.763,62.52,69.555,79.277,87.925,95.13,101.726,99.29,99.938,104.296,108.398,107.914,109.444,112.682,117.083,121.318,125.598
Egypt,23.523,25.76,30.479,37.254,41.888,48.841,54.076,77.359,92.53,115.362,96.087,48.431,44.168,49.526,54.55,63.26,71.114,79.77,89.188,95.039,104.752,102.273,90.261,85.163,82.855,94.127,112.902,137.055,170.797,198.316,230.024,247.726,278.769,288.007,305.567,332.075,332.484,236.528,249.559,302.256,353.003,376.542,397.346,419.833,453.726
El Salvador,3.912,3.449,3.406,3.261,2.385,2.319,2.335,2.374,2.771,3.167,4.818,5.252,5.813,6.68,7.679,8.922,9.586,10.222,10.937,11.284,11.785,12.283,12.664,13.244,13.725,14.698,16,17.012,17.987,17.602,18.448,20.284,21.386,21.991,22.593,23.438,24.154,24.928,26.057,26.871,27.918,29.026,30.157,31.452,32.773
Equatorial Guinea,0.032,0.03,0.035,0.04,0.044,0.074,0.091,0.111,0.119,0.105,0.133,0.132,0.16,0.162,0.12,0.169,0.276,0.526,0.44,0.738,1.156,1.672,2.061,3.765,5.95,8.184,10.087,13.072,19.75,15.028,16.299,21.329,22.39,21.943,21.737,13.18,11.233,12.287,13.734,12.142,11.635,11.327,11.096,11.129,11.226
Eritrea,no data,no data,no data,no data,no data,no data,no data,no data,no data,no data,no data,no data,0.606,0.374,0.433,0.483,0.579,0.594,0.626,0.614,0.547,0.582,0.564,0.673,0.858,0.85,0.937,1.02,0.923,1.297,1.59,2.065,2.255,1.958,2.604,2.008,2.213,1.919,2.007,2.11,2.193,2.327,2.543,2.717,2.904
Estonia,no data,no data,no data,no data,no data,no data,no data,no data,no data,no data,no data,no data,no data,1.788,2.505,3.905,4.779,5.153,5.67,5.777,5.714,6.274,7.396,9.895,12.157,14.117,17.036,22.473,24.463,19.804,19.73,23.421,23.206,25.279,26.816,23.06,24.006,26.85,30.761,31.038,32.742,34.95,37.178,39.452,41.921
Eswatini,0.754,0.798,0.714,0.734,0.628,0.497,0.635,0.831,0.986,1.006,1.237,1.285,1.425,1.497,1.621,1.932,1.83,1.957,1.797,1.764,1.739,1.544,1.436,2.198,2.774,3.177,3.293,3.465,3.298,3.596,4.438,4.826,4.887,4.6,4.426,4.075,3.84,4.452,4.711,4.657,4.784,4.924,5.137,5.376,5.624
Ethiopia,7.385,7.578,7.973,8.863,8.375,9.808,10.188,10.89,11.285,11.872,12.595,13.928,14.696,9.143,8.135,8.431,8.826,8.909,8.078,7.927,8.235,8.223,7.851,8.623,10.142,12.408,15.283,19.701,26.839,32.464,29.917,31.958,42.221,46.544,54.165,63.081,70.886,75.745,80.289,91.166,103.607,114.681,125.255,135.361,146.181
Fiji,1.303,1.339,1.293,1.217,1.276,1.236,1.398,1.276,1.202,1.281,1.448,1.5,1.659,1.772,1.977,2.134,2.307,2.268,1.795,2.104,1.824,1.798,1.996,2.509,2.955,3.257,3.361,3.689,3.817,3.11,3.402,4.089,4.303,4.539,4.857,4.663,4.925,5.373,5.524,5.708,6.062,6.45,6.862,7.308,7.776
Finland,53.714,52.62,53.111,51.056,53.032,56.223,73.652,91.775,109.255,119.106,141.797,128.287,113.227,89.321,103.76,134.349,132.153,126.997,134.11,135.406,125.908,129.363,140.119,171.406,197.04,204.625,216.745,255.739,284.87,252.222,248.244,273.985,256.854,270.061,273.043,232.968,239.106,252.867,274.21,269.654,280.709,292.81,305.243,317.532,330.94
France,702.243,618.954,588.015,562.499,532.339,557.561,772.838,935.117,1020.878,1026.179,1272.433,1273.594,1404.391,1324.236,1396.653,1602.13,1606.035,1454.555,1505.184,1494.634,1366.243,1377.667,1500.348,1844.083,2118.671,2198.16,2320.659,2660.905,2929.983,2697.955,2647.348,2864.653,2685.371,2811.918,2856.701,2439.436,2472.282,2591.775,2780.152,2707.074,2771.622,2876.227,2983.803,3093.657,3214.61
Gabon,4.559,4.111,3.853,3.689,3.547,3.736,4.889,3.699,4.079,4.458,6.339,5.754,5.955,5.757,4.463,5.281,6.064,5.673,4.774,4.966,5.397,5.023,5.332,6.51,7.767,9.468,10.164,12.457,15.57,12.188,14.384,18.207,17.181,17.596,18.209,14.385,14.02,14.924,16.875,16.877,17.623,18.563,19.66,20.893,22.438
"Gambia, The",0.606,0.579,0.548,0.551,0.396,0.482,0.376,0.504,0.585,0.614,0.721,0.76,0.82,0.878,0.87,0.909,0.949,0.983,1.009,1.036,1.01,1.002,0.887,0.843,0.962,1.028,1.054,1.28,1.562,1.45,1.543,1.41,1.415,1.376,1.229,1.355,1.47,1.498,1.625,1.773,1.925,2.06,2.206,2.346,2.486
Georgia,no data,no data,no data,no data,no data,no data,no data,no data,no data,no data,no data,no data,no data,no data,0.827,1.907,3.063,3.511,3.607,2.805,3.057,3.218,3.396,3.991,5.126,6.411,7.745,10.173,12.795,10.767,11.638,14.435,15.847,16.14,16.51,13.993,14.378,15.08,16.209,15.925,17.007,18.662,20.415,22.075,23.843
Germany,853.705,718.264,693.547,691.912,651.9,661.037,944.124,1174.861,1266.623,1257.393,1598.64,1875.618,2136.312,2072.457,2209.934,2588.002,2498.113,2214.694,2242.065,2197.125,1948.843,1945.804,2077.016,2501.014,2813.076,2848.438,2994.862,3425.982,3744.854,3407.557,3402.444,3748.655,3529.377,3733.859,3890.095,3362.242,3468.188,3664.511,3951.34,3863.344,3982.235,4158.656,4322.593,4491.375,4675.325
Ghana,38.219,61.792,72.037,48.515,17.332,15.379,14.228,11.932,12.678,12.897,14.898,16.673,16.484,13.383,12.303,14.544,15.458,15.786,17.153,17.756,11.467,12.227,14.2,17.494,20.243,24.521,28.785,33.941,38.413,34.254,43.043,53.645,56.504,63.279,53.173,48.595,54.989,58.978,65.518,67.077,69.757,74.633,79.335,84.696,90.483
Greece,57.01,52.605,54.878,49.603,48.329,47.936,56.421,65.682,76.447,79.25,97.963,105.633,116.466,109.022,116.678,136.942,145.872,143.326,144.644,149.412,132.198,136.284,154.307,202.272,240.774,248.184,273.547,318.94,356.14,330.837,299.919,288.062,245.807,239.937,237.406,196.69,195.303,203.493,218.23,214.012,222.785,231.755,240.408,248.406,257.239
Grenada,0.111,0.116,0.125,0.132,0.146,0.168,0.188,0.215,0.236,0.267,0.278,0.301,0.31,0.31,0.325,0.342,0.367,0.392,0.446,0.482,0.52,0.52,0.54,0.591,0.599,0.695,0.699,0.759,0.826,0.771,0.771,0.779,0.8,0.843,0.911,0.997,1.062,1.126,1.185,1.238,1.295,1.356,1.428,1.505,1.582
Guatemala,7.319,7.995,8.098,8.406,8.796,10.385,5.615,6.502,7.042,8.118,7.106,8.687,9.625,10.462,11.855,13.314,14.218,16.103,17.488,16.492,17.187,18.703,20.777,21.918,23.965,27.211,30.231,34.113,39.137,37.734,41.338,47.655,50.388,53.851,58.722,63.767,68.663,75.62,78.461,81.318,86.397,92.553,98.775,105.48,114.375
Guinea,2.4,2.381,2.335,2.284,2.327,2.473,2.675,2.84,3.317,3.384,3.71,4.195,4.57,4.562,4.707,5.139,5.316,5.212,5.003,4.798,4.039,3.806,4.022,4.759,5.054,4.506,4.178,6.317,6.966,6.753,6.866,6.034,7.304,8.374,8.79,8.79,8.604,10.306,12.099,13.368,14.396,15.566,16.707,17.881,19.143
Guinea-Bissau,0.171,0.219,0.249,0.281,0.195,0.287,0.28,0.237,0.221,0.266,0.324,0.456,0.5,0.386,0.435,0.46,0.438,0.416,0.376,0.406,0.364,0.38,0.41,0.477,0.532,0.587,0.592,0.697,0.868,0.829,0.851,1.1,0.99,1.046,1.055,1.048,1.179,1.35,1.429,1.397,1.507,1.627,1.76,1.907,2.07
Guyana,0.559,0.536,0.459,0.466,0.434,0.463,0.523,0.484,0.615,0.617,0.504,0.538,0.598,0.731,0.864,0.99,1.12,1.19,1.133,1.104,1.124,1.126,1.16,1.192,1.252,1.312,1.458,1.741,1.923,2.026,2.259,2.577,2.862,2.988,3.078,3.197,3.504,3.606,3.899,4.121,8.065,8.674,10.689,14.003,15.454
Haiti,1.546,1.702,1.77,1.9,2.105,2.337,2.597,1.279,0.841,0.778,0.99,0.888,0.533,0.642,1.772,2.812,2.902,3.336,3.719,4.148,3.952,3.57,3.475,2.984,3.538,4.312,4.749,5.885,6.55,6.585,6.619,7.517,7.89,8.453,8.775,8.724,7.976,8.409,9.658,8.819,8.709,9.072,9.445,9.822,10.214
Honduras,3.508,3.855,3.97,4.207,4.538,4.976,5.207,5.678,6.324,7.065,4.169,4.195,4.675,4.794,4.693,5.415,5.217,5.736,6.366,6.417,7.104,7.566,7.775,8.14,8.772,9.672,10.842,12.275,13.79,14.486,15.73,17.649,18.529,18.499,19.757,20.98,21.718,23.101,23.803,24.449,25.314,26.356,27.561,28.875,30.304
Hong Kong SAR,28.862,31.055,32.291,29.907,33.511,35.7,41.076,50.623,59.708,68.79,76.929,88.96,104.272,120.354,135.812,144.652,159.718,177.349,168.858,165.734,171.643,169.381,166.336,161.37,169.085,181.556,193.515,211.583,219.279,214.048,228.644,248.484,262.601,275.673,291.438,309.359,320.877,341.718,362.721,372.989,385.274,402.464,421.507,442.219,464.976
Hungary,23.038,23.626,24.06,21.836,21.17,21.438,24.694,27.14,29.699,30.319,34.361,34.749,38.725,40.119,43.16,46.419,46.66,47.29,48.77,49.17,47.311,53.821,67.717,85.325,104.067,113.035,115.295,139.851,157.998,130.594,130.923,140.782,127.857,135.221,140.083,123.074,126.045,139.844,161.182,170.407,180.498,192.239,201.487,211.566,222.13
Iceland,3.434,3.544,3.253,2.795,2.894,3.012,4.017,5.566,6.149,5.705,6.51,6.955,7.112,6.232,6.399,7.131,7.48,7.581,8.494,8.972,9.004,8.205,9.295,11.414,13.835,16.813,17.216,21.515,17.905,13.165,13.684,15.159,14.724,16.034,17.758,17.389,20.618,24.457,25.965,23.918,24.237,24.744,25.268,26.115,27.123
India,189.438,196.535,203.537,222.049,215.556,237.618,252.751,283.75,299.645,300.187,326.608,274.842,293.262,284.194,333.014,366.6,399.791,423.189,428.767,466.841,476.636,493.934,523.768,618.369,721.589,834.218,949.118,1238.7,1224.096,1365.373,1708.46,1823.052,1827.637,1856.721,2039.127,2103.588,2289.754,2652.245,2718.732,2935.57,3202.183,3509.654,3847.967,4223.843,4631.761
Indonesia,99.296,110.848,113.799,103.149,107.218,107.062,101.22,95.214,107.279,122.582,138.258,154.558,168.28,190.913,213.727,244.227,274.722,260.68,115.323,169.158,179.482,174.507,212.807,255.428,279.556,310.815,396.293,470.144,558.582,577.539,755.256,892.59,919.002,916.646,891.051,860.741,932.066,1015.292,1022.454,1111.713,1204.83,1297.175,1390.183,1489.693,1596.011
Iran,93.531,101.451,127.557,155.942,160.074,179.718,208.782,276.875,318.601,379.167,575.265,302.498,49.423,65.03,82.405,115.703,157.347,185.727,208.928,277.095,365.946,334.323,129.778,152.973,186.857,228.18,270.333,351.769,406.212,410.557,482.384,577.214,389.199,396.408,423.409,375.404,404.445,430.709,446.105,458.5,463.077,476.369,496.411,525.422,573.541
Iraq,no data,no data,no data,no data,no data,no data,no data,no data,no data,no data,no data,no data,no data,no data,no data,no data,no data,no data,10.469,18.449,25.857,18.936,18.97,15.8,36.642,50.065,65.144,88.833,131.614,111.66,138.517,185.75,218.032,234.638,234.651,177.722,175.151,195.473,224.228,224.462,232.745,242.586,254.801,268.191,283.309
Ireland,21.418,20.416,21.305,20.611,19.877,21.161,28.506,33.648,36.862,38.017,48.183,48.823,54.892,51.346,55.823,69.236,75.902,82.929,90.189,98.829,100.139,109.208,128.459,164.601,194.137,211.849,232.309,270.293,276.108,236.961,222.498,237.64,224.938,238.296,258.528,291.281,300.308,335.211,382.754,384.94,402.05,424.247,447.754,471.666,497.73
Israel,23.809,25.228,27.037,30.153,28.546,26.531,32.662,39.012,48.326,49.171,58.022,65.818,73.547,73.919,84.379,100.239,109.857,114.624,115.862,117.011,132.243,130.673,121.042,126.808,135.343,142.411,153.982,178.744,215.96,207.45,233.733,261.717,257.18,292.636,309.558,299.813,318.951,353.253,370.588,387.717,410.501,433.165,457.448,483.878,511.646
Italy,482.721,437.76,432.633,448.958,443.573,458.065,648.765,814.268,902.144,938.273,1170.996,1236.942,1312.572,1055.479,1088.653,1171.401,1309.287,1240.398,1267.952,1250.226,1145.108,1163.332,1271.649,1572.721,1800.804,1854.377,1944.365,2206.116,2400.232,2191.442,2128.87,2278.871,2074.017,2131.129,2155.154,1833.196,1869.954,1950.703,2075.856,1988.636,2013.67,2070.106,2125.928,2182.541,2246.02
Jamaica,2.565,2.817,3.235,2.875,2.119,1.993,2.369,2.672,3.184,3.692,4.663,4.285,4.328,5.516,5.529,6.543,7.394,8.4,8.787,8.887,9.065,9.195,9.719,9.43,10.175,11.233,11.946,12.881,13.743,12.107,13.193,14.413,14.765,14.211,13.864,14.152,14.108,14.773,15.461,15.702,16.474,17.082,17.813,18.619,19.503
Japan,1105.386,1218.989,1134.518,1243.324,1318.382,1398.893,2078.953,2532.809,3071.684,3054.914,3132.817,3584.42,3908.808,4454.144,4907.039,5449.118,4833.714,4414.734,4032.511,4562.079,4887.52,4303.542,4115.116,4445.659,4815.169,4755.411,4530.377,4515.263,5037.909,5231.383,5700.099,6157.458,6203.212,5155.716,4850.414,4389.476,4926.668,4859.788,4971.767,5154.475,5413.054,5592.333,5796.033,6019.234,6259.581
Jordan,3.908,4.388,4.684,4.922,4.972,5.001,6.404,6.751,6.324,4.252,4.161,4.345,5.369,5.532,6.197,6.65,6.928,7.246,7.912,8.149,8.461,8.975,9.582,10.196,11.411,12.589,15.057,17.111,21.963,23.82,26.425,28.986,31.418,34.115,36.382,37.97,39.253,40.766,42.291,44.172,46.363,48.758,51.376,54.24,57.264
Kazakhstan,no data,no data,no data,no data,no data,no data,no data,no data,no data,no data,no data,no data,2.875,5.152,11.881,16.639,21.035,22.166,22.135,16.87,18.292,22.153,24.637,30.834,43.152,57.125,81.003,104.85,133.442,115.309,148.047,192.626,207.999,236.635,221.416,184.388,137.289,162.887,172.941,170.326,182.623,196.871,213.339,236.572,258.459
Kenya,10.099,9.513,9.159,8.47,8.788,8.746,10.387,11.387,11.806,11.705,12.18,11.501,11.327,7.869,9.422,11.944,13.565,13.742,15.739,14.353,14.136,14.536,14.764,16.796,18.064,21.001,25.826,31.958,35.895,37.022,40,41.672,50.422,55.125,61.547,64.236,69.19,78.689,87.928,98.607,109.128,119.545,131.369,144.686,158.835
Kiribati,0.042,0.044,0.041,0.038,0.042,0.032,0.031,0.036,0.045,0.044,0.043,0.047,0.048,0.047,0.055,0.056,0.067,0.067,0.066,0.069,0.068,0.063,0.072,0.091,0.103,0.112,0.11,0.133,0.144,0.134,0.157,0.182,0.19,0.186,0.18,0.171,0.178,0.186,0.189,0.184,0.192,0.201,0.21,0.22,0.23
"Korea, Republic of",67.139,74.831,80.356,89.915,99.806,103.603,119.374,150.987,203.506,251.616,288.625,336.55,361.676,399.132,470.736,574.598,617.96,576.019,386.671,501.365,576.179,547.656,627.247,702.715,793.176,934.901,1053.217,1172.614,1047.339,943.672,1144.067,1253.223,1278.428,1370.795,1484.318,1465.773,1500.479,1623.901,1720.489,1629.532,1626.553,1702.137,1789.961,1884.063,1988.109
Kosovo,no data,no data,no data,no data,no data,no data,no data,no data,no data,no data,no data,no data,no data,no data,no data,no data,no data,no data,no data,no data,2.092,2.509,2.691,3.348,3.621,3.738,3.918,4.743,5.71,5.67,5.841,6.7,6.504,7.074,7.398,6.444,6.717,7.243,7.947,7.996,8.402,8.972,9.585,10.228,10.947
Kuwait,28.724,25.249,21.583,20.317,21.457,21.54,17.376,20.817,19.281,23.855,18.293,10.826,19.866,23.996,24.796,27.189,31.492,30.35,25.944,30.123,37.721,34.886,38.135,47.844,59.439,80.807,101.559,114.677,147.402,105.992,115.401,154.02,174.066,174.179,162.695,114.606,109.381,119.533,141.646,137.591,139.57,143.423,148.617,155.261,163.211
Kyrgyz Republic,no data,no data,no data,no data,no data,no data,no data,no data,no data,no data,no data,no data,0.917,0.665,1.108,1.493,1.822,1.767,1.63,1.242,1.368,1.525,1.606,1.92,2.214,2.459,2.837,3.807,5.139,4.69,4.794,6.198,6.604,7.335,7.467,6.678,6.813,7.703,8.093,8.261,8.715,9.218,9.822,10.344,10.893
Lao P.D.R.,1.913,1.118,1.119,2.047,2.93,3.685,2.577,1.815,1.182,1.46,1.742,2.053,2.354,2.652,3.081,3.579,3.726,3.515,1.334,1.415,1.72,1.757,1.844,2.259,2.649,3.049,3.915,4.757,5.948,6.431,7.504,8.963,10.195,11.974,13.266,14.363,15.916,17.069,18.12,19.127,21.211,23.084,25.107,27.299,29.672
Latvia,no data,no data,no data,no data,no data,no data,no data,no data,no data,no data,no data,no data,1.694,2.728,4.532,5.41,5.97,6.527,7.178,7.534,7.941,8.351,9.553,11.753,14.377,16.949,21.466,30.946,35.763,26.238,23.798,28.496,28.141,30.26,31.385,26.986,27.707,30.528,34.882,35.045,36.771,39.107,41.456,43.838,46.439
Lebanon,4.018,3.84,2.619,3.609,4.266,3.563,2.778,3.252,3.267,2.68,2.799,4.39,5.468,7.43,8.982,10.963,12.816,15.525,17.048,17.162,17.007,17.349,18.825,19.473,21.146,21.49,22.049,24.873,29.228,35.477,38.42,40.076,44.231,46.867,48.296,49.974,51.239,53.394,56.372,58.565,60.455,63.139,66.12,69.608,73.008
Lesotho,0.47,0.477,0.397,0.436,0.391,0.312,0.359,0.468,0.531,0.552,0.666,0.756,0.877,0.876,0.923,1.038,0.983,1.036,0.955,0.937,0.911,0.754,0.825,1.193,1.488,1.596,1.634,1.891,1.755,2.074,2.525,2.779,2.655,2.506,2.635,2.326,2.423,2.677,2.713,2.741,2.8,2.974,3.18,3.317,3.458
Liberia,no data,no data,no data,no data,no data,no data,no data,no data,no data,no data,no data,no data,no data,no data,no data,no data,no data,no data,no data,no data,0.874,0.906,0.927,0.748,0.897,0.949,1.119,1.373,1.726,1.768,1.998,2.398,2.721,3.065,3.137,3.163,3.277,3.284,3.248,3.222,3.231,3.279,3.451,3.513,3.725
Libya,38.941,33.641,33.541,31.963,29.93,29.44,23.987,22.294,25.067,26.594,30.644,33.908,34.358,30.921,28.796,32.69,35.683,36.531,29.96,35.975,38.271,34.112,20.471,26.186,32.996,47.335,54.963,67.69,73.917,50.808,68.974,31.999,79.759,51.896,24.262,17.194,18.539,30.557,40.951,33.018,34.076,35.003,36.415,38.093,39.968
Lithuania,no data,no data,no data,no data,no data,no data,no data,no data,no data,no data,no data,no data,no data,no data,no data,6.698,8.385,10.121,11.241,10.973,11.539,12.253,14.275,18.803,22.647,26.143,30.235,39.804,48.083,37.527,37.187,43.526,42.873,46.431,48.594,41.538,42.991,47.645,53.302,53.641,56.225,59.493,62.718,65.924,69.418
Luxembourg,6.46,5.571,4.575,4.491,4.403,4.562,6.638,8.244,9.339,9.944,12.68,13.738,15.39,15.778,17.558,20.655,20.547,18.503,19.341,21.174,21.326,21.291,23.712,29.615,34.733,37.382,42.452,50.959,56.072,51.518,53.308,60.073,56.71,61.758,66.209,57.233,58.985,62.449,69.553,69.453,72.994,76.823,80.851,85.042,89.541
Macao SAR,no data,no data,no data,no data,no data,no data,no data,no data,no data,no data,no data,no data,no data,no data,no data,no data,no data,no data,no data,no data,no data,6.811,7.323,8.195,10.586,12.092,14.79,18.341,20.917,21.475,28.124,36.708,43.032,51.552,55.348,45.362,45.322,50.559,54.545,55.136,55.377,56.275,57.79,59.437,61.342
Madagascar,4.042,3.595,3.526,3.512,2.939,2.858,3.258,2.566,2.442,2.498,3.081,2.677,3.001,3.371,2.977,3.16,3.995,3.546,3.738,3.721,3.878,4.53,4.397,5.474,4.364,5.039,5.516,7.343,9.413,8.55,8.73,9.893,9.92,10.602,10.674,9.703,10.126,11.464,12.09,12.55,13.647,14.765,15.901,17.132,18.457
Malawi,2.146,2.146,2.046,2.121,2.095,1.962,2.048,2.013,2.314,2.639,2.999,3.821,3.12,3.591,2.081,2.423,3.956,4.619,3.036,3.08,3.023,2.967,3.496,3.211,3.476,3.656,3.998,4.431,5.321,6.195,6.957,7.984,5.981,5.432,6.055,6.402,5.492,6.23,6.901,7.522,8.05,8.539,9.115,9.77,10.477
Malaysia,26.757,27.321,29.278,32.745,37.087,34.09,30.303,34.529,37.845,41.678,47.236,53.514,64.424,72.858,81.121,96.75,109.839,109.098,78.609,86.203,102.149,101.054,109.834,120.025,135.869,150.352,170.472,202.8,242.035,211.882,258.647,302.194,318.91,327.869,342.868,301.355,301.255,318.955,358.579,365.303,381.523,409.533,438.681,470.158,505.157
Maldives,0.063,0.073,0.087,0.094,0.113,0.134,0.158,0.149,0.178,0.201,0.231,0.262,0.306,0.346,0.382,0.466,0.527,0.652,0.693,0.756,0.801,0.767,0.828,1.052,1.227,1.163,1.575,1.868,2.272,2.345,2.588,2.629,2.885,3.286,3.69,4.098,4.402,4.858,5.328,5.786,6.283,6.795,7.348,7.937,8.539
Mali,2.031,1.66,1.468,1.418,1.416,1.426,1.981,2.308,2.316,2.827,3.223,3.284,3.372,3.362,2.575,3.337,3.416,3.208,3.328,3.444,2.963,3.468,3.905,4.713,5.452,6.251,6.906,8.157,9.837,10.221,10.698,12.993,12.45,13.243,14.369,13.106,14.016,15.37,17.18,17.647,19.02,20.439,21.984,23.624,25.229
Malta,1.197,1.169,1.105,1.078,1.021,1.034,1.342,1.675,1.901,1.991,2.391,2.601,2.895,2.579,2.856,3.367,3.433,3.475,3.682,3.842,4.059,4.068,4.474,5.422,6.049,6.402,6.79,7.944,9.013,8.553,8.756,9.508,9.215,10.154,11.306,10.717,11.449,12.764,14.56,14.859,15.787,16.879,17.968,19.055,20.209
Marshall Islands,no data,no data,no data,no data,no data,no data,no data,no data,no data,no data,no data,no data,no data,no data,no data,no data,no data,0.108,0.11,0.109,0.112,0.117,0.127,0.129,0.133,0.14,0.147,0.154,0.155,0.155,0.168,0.176,0.187,0.192,0.185,0.181,0.198,0.208,0.214,0.22,0.228,0.236,0.243,0.249,0.255
Mauritania,no data,no data,no data,no data,no data,no data,no data,no data,no data,no data,1.213,1.39,1.464,1.25,1.316,1.415,1.443,1.402,1.371,1.406,1.294,1.296,1.324,1.563,1.831,2.184,3.11,3.343,3.978,3.671,4.344,5.18,5.226,5.724,5.391,4.831,4.686,4.925,5.237,5.651,5.918,6.28,6.92,7.48,8.063
Mauritius,1.225,1.163,1.116,1.182,1.094,1.107,1.495,1.893,2.196,2.256,2.706,2.977,3.352,3.455,3.835,4.38,4.529,4.253,4.296,4.536,4.869,4.817,5.055,6.073,6.869,6.775,7.029,8.15,9.99,9.129,10.004,11.518,11.669,12.13,12.803,11.692,12.232,13.259,14.21,14.391,14.851,15.801,16.864,17.891,18.94
Mexico,228.606,293.61,213.077,173.714,204.86,217.388,150.513,165.058,201.926,246.079,290.402,348.139,403.733,500.795,527.811,360.096,410.973,500.416,526.522,600.225,707.909,756.693,772.11,729.335,782.243,877.477,975.383,1052.697,1109.987,900.047,1057.801,1180.487,1201.094,1274.444,1314.569,1170.567,1077.906,1156.953,1222.053,1274.175,1322.489,1380.722,1442.297,1508.486,1579.378
"Micronesia, Fed. States of",no data,no data,no data,no data,no data,no data,no data,no data,no data,no data,no data,no data,no data,no data,no data,0.221,0.218,0.207,0.219,0.22,0.233,0.241,0.242,0.245,0.24,0.25,0.253,0.257,0.263,0.28,0.297,0.311,0.326,0.316,0.318,0.315,0.331,0.363,0.372,0.381,0.391,0.402,0.413,0.423,0.434
Moldova,no data,no data,no data,no data,no data,no data,no data,no data,no data,no data,no data,no data,1.036,1.333,1.39,1.73,2.033,2.314,2.036,1.406,1.578,1.777,1.995,2.377,3.118,3.587,4.091,5.282,7.267,6.526,6.977,8.417,8.708,9.496,9.51,7.726,8.072,9.67,11.309,11.688,12.281,12.975,13.725,14.512,15.376
Mongolia,3.188,3.336,3.463,3.59,3.316,3.851,4.25,4.776,4.797,4.997,3.131,3.297,1.831,0.901,1.083,1.697,1.576,1.381,1.315,1.236,1.329,1.485,1.634,1.864,2.319,2.523,3.414,4.235,5.623,4.584,7.185,10.41,12.278,12.582,12.227,11.75,11.159,11.426,13.009,13.637,14.674,15.81,17.017,18.136,19.228
Montenegro,no data,no data,no data,no data,no data,no data,no data,no data,no data,no data,no data,no data,no data,no data,no data,no data,no data,no data,no data,no data,0.966,1.15,1.269,1.681,2.073,2.261,2.724,3.686,4.564,4.171,4.146,4.544,4.09,4.466,4.595,4.055,4.376,4.855,5.457,5.424,5.685,5.993,6.337,6.707,7.09
Morocco,21.998,17.86,18.028,16.296,14.904,15.043,19.864,21.911,25.947,26.706,30.18,32.286,33.712,31.656,35.605,39.029,43.162,39.147,41.806,41.632,38.859,39.46,42.238,52.064,59.626,62.343,68.641,79.041,92.507,92.897,93.217,101.371,98.266,106.826,110.081,101.179,103.346,109.709,118.534,119.04,124.539,132.769,141.575,151.027,161.282
Mozambique,5.479,4.256,4.348,3.894,4.056,5.362,6.293,2.843,2.499,2.611,4.19,3.264,2.238,2.319,2.509,2.572,3.468,4.11,4.718,5.167,4.667,4.567,4.977,5.549,6.749,7.595,8.304,9.466,11.555,11.243,10.457,13.131,15.178,16.013,16.872,14.798,10.897,12.586,14.396,15.093,16.695,17.879,19.032,21.277,24.228
Myanmar,no data,no data,no data,no data,no data,no data,no data,no data,no data,no data,no data,no data,no data,no data,no data,no data,no data,no data,5.799,7.095,9.073,8.532,7.652,9.378,11.752,13.184,14.268,17.66,25.1,31.729,39.779,54.119,58.467,60.539,63.273,63.225,60.452,61.386,68.668,65.994,72.105,78.827,86.023,93.833,102.485
Namibia,no data,no data,no data,no data,no data,no data,no data,no data,no data,2.605,2.838,2.854,3.014,2.891,3.254,3.503,3.494,3.636,3.215,3.384,3.911,3.55,3.369,4.932,6.617,7.258,7.984,8.73,8.496,8.915,11.281,12.423,13.016,12.724,12.796,11.769,11.283,13.562,14.513,14.368,14.943,15.634,16.524,17.593,18.548
Nauru,no data,no data,no data,no data,no data,no data,no data,no data,no data,no data,no data,no data,no data,no data,no data,no data,no data,no data,no data,no data,no data,no data,no data,no data,0.032,0.031,0.029,0.023,0.037,0.044,0.047,0.066,0.097,0.099,0.105,0.087,0.1,0.11,0.112,0.108,0.111,0.114,0.118,0.122,0.127
Nepal,1.98,2.315,2.34,2.56,2.708,2.812,3.06,3.175,3.743,3.784,3.894,4.261,3.872,4.158,4.344,4.716,4.861,5.284,5.253,5.404,5.731,5.891,5.976,6.328,7.274,8.18,9.044,10.325,12.545,12.855,16.002,19.011,18.852,19.27,19.995,21.411,21.186,25.181,29.04,29.813,33.917,37.255,40.711,44.273,48.052
Netherlands,193.742,162.386,157.324,153.166,142.566,144.642,201.581,246.907,264.201,260.508,321.376,331.068,365.971,355.901,382.517,452.71,450.625,417.329,438.61,447.493,417.664,431.59,473.527,579.925,658.081,685.727,733.994,848.659,951.766,870.572,848.073,905.111,839.455,877.186,892.398,765.65,783.844,833.575,914.519,902.355,930.99,970.522,1009.881,1050.234,1095.998
New Zealand,22.52,23.439,23.205,22.453,22.347,22.508,27.39,36.927,45.442,44.062,45.774,43.446,41.525,44.797,52.873,62.214,69.063,68.889,56.779,58.849,54.139,53.106,62.046,82.47,101.581,113.204,109.763,134.946,135.531,121.757,145.31,167.113,175.06,186.98,199.756,175.404,185.058,200.47,203.127,204.671,216.199,229.683,243.668,257.21,272.058
Nicaragua,1.832,2.156,2.497,2.9,3.966,3.854,5.8,3.409,1.499,2.082,0.519,3.678,3.894,3.726,3.861,4.14,4.308,4.39,4.635,4.856,5.109,5.335,5.224,5.322,5.793,6.321,6.764,7.423,8.497,8.297,8.759,9.774,10.532,10.983,11.88,12.757,13.286,13.844,13.118,12.528,12.331,12.28,12.309,12.422,12.646
Niger,2.509,2.171,2.018,1.803,1.461,1.44,1.904,2.233,2.28,2.18,2.48,2.328,2.345,2.221,1.563,1.756,1.88,1.733,1.98,1.916,1.671,1.815,2.072,2.645,2.9,3.374,3.65,4.29,5.429,5.411,5.729,6.415,6.946,7.67,8.243,7.255,7.61,8.136,9.299,9.443,10.347,11.214,12.805,13.915,15.245
Nigeria,no data,no data,no data,no data,no data,no data,no data,no data,no data,no data,62.165,60.131,52.275,56.807,80.128,132.23,172.686,187.866,209.677,57.477,67.824,73.128,93.983,102.935,130.345,169.645,222.791,262.215,330.26,297.458,369.062,414.095,460.952,514.965,568.496,493.841,405.442,376.361,398.186,446.543,494.83,550.07,613.394,683.205,762.016
North Macedonia ,no data,no data,no data,no data,no data,no data,no data,no data,no data,no data,no data,no data,2.443,2.687,3.561,4.687,4.642,3.928,3.764,3.867,3.774,3.709,3.991,4.946,5.684,6.257,6.86,8.337,9.912,9.4,9.415,10.659,9.751,10.824,11.378,10.067,10.686,11.308,12.67,12.672,13.333,14.176,15.054,15.979,17.007
Norway,64.439,63.597,62.647,61.628,62.058,65.417,78.693,94.231,101.901,102.634,119.791,121.872,130.838,120.578,127.132,152.031,163.52,161.357,154.163,162.285,171.246,173.973,195.525,228.858,264.51,308.884,345.58,400.939,462.25,386.188,428.757,498.283,509.506,522.762,498.41,385.802,368.827,398.394,434.167,417.627,422.06,432.969,443.836,455.729,469.044
Oman,6.342,7.719,8.1,8.491,9.358,10.395,8.229,8.628,8.386,9.372,11.686,11.341,12.452,12.494,12.919,13.803,15.277,15.837,13.997,15.593,19.507,19.452,20.143,21.634,24.764,31.082,37.216,42.085,60.905,48.388,57.048,68.017,76.616,78.784,81.077,68.919,65.481,70.598,79.277,76.609,78.657,81.9,84.051,87.024,90.555
Pakistan,30.938,36.599,40.012,37.369,40.572,40.565,41.543,43.437,50.107,52.256,52.426,59.556,63.727,67.442,67.998,79.451,82.968,81.806,81.49,82.514,79.705,77.931,77.937,89.727,105.612,118.481,137.229,152.362,170.853,167.875,177.166,213.588,224.384,231.218,244.361,270.556,278.655,304.567,314.588,284.214,no data,no data,no data,no data,no data
Palau,no data,no data,no data,no data,no data,no data,no data,no data,no data,no data,no data,no data,no data,no data,no data,no data,no data,no data,no data,no data,0.146,0.157,0.163,0.154,0.165,0.184,0.189,0.195,0.198,0.183,0.183,0.193,0.211,0.223,0.243,0.28,0.3,0.286,0.284,0.291,0.302,0.314,0.327,0.34,0.354
Panama,4.104,4.645,5.132,5.269,5.5,5.818,6.046,6.073,5.25,5.264,5.723,6.292,7.153,7.812,8.33,8.515,10.04,10.849,11.762,12.326,12.502,12.704,13.204,13.915,15.255,16.638,18.438,21.296,25.156,27.117,29.44,34.686,40.43,45.6,49.921,54.092,57.958,62.284,65.055,68.536,73.369,78.888,84.891,91.351,98.303
Papua New Guinea,4.183,4.105,3.894,3.888,3.591,3.326,3.618,3.976,5.526,5.36,4.869,5.726,6.617,7.521,8.265,7.316,7.786,7.442,5.688,5.191,5.289,4.637,4.607,5.617,6.313,7.355,8.355,9.545,11.671,11.619,14.251,17.985,21.295,21.261,23.211,21.723,20.759,22.331,23.185,23.587,23.935,24.394,25.124,26.039,27.045
Paraguay,4.095,5.22,5.47,6.069,4.931,4.214,5.032,4.216,5.584,4.046,4.904,6.984,7.158,7.249,7.871,9.062,9.788,9.965,9.26,8.837,8.856,8.496,7.196,7.691,9.624,10.738,13.43,17.856,24.577,22.347,27.239,33.716,33.283,38.585,40.277,36.164,36.054,39.009,41.854,40.714,42.826,46.181,49.3,52.576,55.698
Peru,20.19,24.398,24.259,18.863,19.442,16.823,25.241,41.681,32.978,40.699,28.326,33.988,35.377,34.33,43.225,51.38,53.412,56.281,53.918,48.719,50.414,51.034,53.954,58.537,66.126,74.232,87.459,102.187,121.754,121.493,148.931,170.983,192.882,202.091,202.308,191.316,194.387,214.187,225.366,228.989,240.175,253.443,267.694,282.816,298.838
Philippines,36.045,39.595,41.254,36.891,34.857,33.995,33.174,36.871,42.082,47.291,49.095,50.32,58.695,60.237,71.003,82.121,91.792,91.234,72.207,82.995,81.023,76.262,81.358,83.908,91.371,103.074,122.211,149.36,173.603,168.485,199.591,224.143,250.092,271.836,284.585,292.774,304.898,313.62,330.91,356.814,383.482,415.24,455.368,499.607,548.048
Poland,56.619,53.647,65.187,75.406,75.507,70.775,73.677,63.714,68.612,66.895,62.084,80.451,88.713,90.366,103.683,139.089,156.684,157.183,172.05,167.799,171.276,190.43,198.679,217.514,255.284,306.145,344.759,429.473,533.8,440.14,479.161,528.571,500.846,524.399,545.284,477.568,471.843,526.749,585.816,565.854,606.73,645.416,685.942,729.835,777.244
Portugal,32.607,32.477,30.678,28.267,25.951,27.231,37.869,47.387,55.435,59.806,79.439,89.904,108.119,95.139,99.692,118.182,122.654,117.211,124.124,127.597,118.658,121.605,134.7,165.185,189.296,197.363,208.767,240.524,263.388,244.402,238.308,245.075,216.361,226.437,229.961,199.414,206.369,221.28,240.901,236.408,243.229,252.996,262.862,272.89,283.774
Puerto Rico,14.436,15.956,16.764,17.277,19.163,20.289,21.969,23.878,26.178,28.267,30.604,32.287,34.63,36.923,39.691,42.647,45.341,48.187,54.086,57.841,61.702,69.669,72.546,75.834,80.322,83.915,87.276,89.524,93.639,96.386,98.381,100.352,101.565,102.45,102.446,103.376,104.337,104.25,101.131,99.913,100.169,100.342,100.624,101.043,101.52
Qatar,7.829,8.661,7.597,6.468,6.704,6.272,4.95,5.216,5.004,5.288,7.36,6.884,7.646,7.157,7.374,8.138,9.059,11.298,10.255,12.393,17.76,17.538,19.364,23.534,31.734,44.53,60.882,79.712,115.27,97.798,125.122,167.775,186.834,198.728,206.225,161.74,151.732,166.929,191.362,191.849,195.225,200.74,209.759,219.569,232.103
Romania,46.053,55.319,55.375,48.401,39.111,48.286,52.29,58.477,60.538,54.236,38.516,29.07,19.779,26.624,30.376,35.838,35.692,35.644,42.543,35.953,37.281,40.395,46.065,57.806,74.974,98.454,122.024,174.589,214.317,174.102,166.225,183.443,171.196,190.948,199.628,177.895,188.495,211.407,239.552,243.698,261.868,281.062,301.666,322.862,345.161
Russian Federation,no data,no data,no data,no data,no data,no data,no data,no data,no data,no data,1045.455,856.322,91.76,197.634,297.287,336.492,420.386,434.32,290.996,210.17,278.496,328.853,370.537,461.562,633.914,819.071,1061.692,1393.695,1781.518,1307.56,1635.717,2047.715,2189.094,2292.464,2058.31,1356.836,1280.521,1579.293,1657.29,1637.892,1657.539,1714.313,1782.057,1858.609,1940.442
Rwanda,1.259,1.429,1.525,1.629,1.56,1.853,2.1,2.331,2.495,2.605,2.491,1.837,1.95,1.881,1.195,1.239,1.343,1.808,1.931,1.797,1.718,1.676,1.673,1.847,2.099,2.59,3.192,3.876,4.927,5.45,5.85,6.647,7.43,7.623,8.01,8.294,8.475,9.14,9.51,10.209,11.061,12.028,13.155,14.42,15.807
Saint Kitts and Nevis,0.058,0.069,0.079,0.078,0.091,0.101,0.119,0.136,0.161,0.179,0.203,0.201,0.223,0.243,0.272,0.293,0.312,0.351,0.366,0.389,0.433,0.455,0.478,0.467,0.505,0.545,0.644,0.689,0.751,0.748,0.76,0.818,0.801,0.84,0.832,0.852,0.897,0.942,0.98,1.032,1.087,1.14,1.192,1.249,1.309
Saint Lucia,0.152,0.174,0.164,0.176,0.225,0.254,0.304,0.336,0.384,0.435,0.518,0.549,0.603,0.613,0.638,0.682,0.706,0.721,0.785,0.825,0.834,0.798,0.805,0.883,0.954,1.016,1.135,1.281,1.287,1.279,1.4,1.446,1.44,1.484,1.559,1.659,1.702,1.817,1.922,1.992,2.103,2.211,2.309,2.39,2.475
Saint Vincent and the Grenadines,0.082,0.102,0.114,0.122,0.135,0.146,0.161,0.176,0.201,0.215,0.24,0.255,0.278,0.286,0.289,0.316,0.331,0.348,0.374,0.391,0.396,0.43,0.462,0.482,0.522,0.551,0.611,0.684,0.695,0.675,0.681,0.676,0.693,0.721,0.728,0.755,0.774,0.792,0.811,0.856,0.893,0.933,0.973,1.016,1.06
Samoa,0.124,0.116,0.119,0.11,0.108,0.103,0.109,0.121,0.135,0.138,0.177,0.172,0.188,0.193,0.154,0.236,0.251,0.273,0.279,0.255,0.264,0.266,0.282,0.333,0.408,0.474,0.503,0.554,0.667,0.586,0.639,0.739,0.801,0.805,0.804,0.804,0.786,0.841,0.862,0.905,0.96,0.997,1.038,1.08,1.125
San Marino,no data,no data,no data,no data,no data,no data,no data,no data,no data,no data,no data,no data,no data,no data,no data,no data,no data,no data,no data,no data,no data,no data,no data,no data,1.714,1.789,1.91,2.189,2.403,2.062,1.883,1.813,1.606,1.678,1.674,1.42,1.468,1.528,1.638,1.591,1.621,1.671,1.717,1.763,1.812
Saudi Arabia,164.54,184.291,153.24,129.181,119.631,103.894,86.886,85.582,88.138,95.217,117.473,132.047,136.905,132.791,134.995,143.152,158.451,165.742,146.775,161.717,189.515,184.137,189.606,215.808,258.742,328.206,376.398,415.687,519.797,429.098,528.207,671.239,735.975,746.647,756.35,654.27,644.936,688.586,786.522,779.289,783.337,800.304,829.134,863.306,902.557
Senegal,4.435,4.022,3.937,3.512,3.425,3.75,5.304,6.381,6.311,6.22,7.237,7.111,7.602,7.189,4.908,6.177,6.413,5.915,6.404,6.521,5.966,6.18,6.78,8.701,10.181,11.033,11.859,14.307,17.017,16.296,16.244,17.899,17.836,18.966,19.802,17.777,19.035,20.933,23.498,23.94,25.768,28.319,31.304,35.952,39.708
Serbia,no data,no data,no data,no data,no data,no data,no data,no data,no data,no data,no data,no data,no data,no data,no data,no data,no data,22.228,17.411,11.369,9.312,12.313,16.177,21.219,24.743,27.496,32.602,43.395,52.094,45.156,41.369,49.28,43.3,48.394,47.062,39.629,40.63,44.12,50.509,51.523,55.437,59.947,64.644,69.687,75.181
Seychelles,0.147,0.154,0.148,0.147,0.151,0.169,0.208,0.249,0.284,0.305,0.369,0.374,0.434,0.474,0.486,0.508,0.503,0.563,0.608,0.623,0.615,0.622,0.698,0.706,0.839,0.919,1.016,1.034,0.998,0.847,0.97,1.018,1.06,1.328,1.343,1.377,1.427,1.503,1.583,1.644,1.67,1.783,1.882,1.983,2.08
Sierra Leone,1.701,1.823,2.05,1.782,2.062,1.755,1.314,1.145,1.877,1.724,0.948,1.138,0.992,1.122,1.331,1.273,1.374,1.24,0.981,0.977,0.941,1.084,1.25,1.38,1.439,1.649,1.884,2.159,2.511,2.454,2.578,2.942,3.802,4.916,5.007,4.252,3.786,3.729,4.082,4.229,4.405,4.604,4.854,5.156,5.477
Singapore,12.082,14.367,15.879,18.011,19.563,18.573,18.78,21.629,26.551,31.436,38.892,45.465,52.131,60.604,73.689,87.813,96.293,100.124,85.728,86.287,96.077,89.794,92.538,97.646,115.034,127.808,148.627,180.942,193.617,194.15,239.808,279.357,295.093,307.576,314.864,307.999,318.058,338.401,364.139,362.818,369.627,383.828,401.187,420.042,440.825
Slovak Republic,no data,no data,no data,no data,no data,no data,no data,no data,no data,no data,no data,no data,no data,13.669,15.772,19.951,21.579,21.891,22.804,20.841,20.691,21.386,24.854,34.023,43.121,49.048,57.402,77.105,97.03,89.201,89.662,98.293,93.468,98.508,101.109,87.814,89.885,95.821,106.573,106.552,111.874,118.745,125.383,132.009,138.946
Slovenia,no data,no data,no data,no data,no data,no data,no data,no data,no data,no data,no data,no data,19.271,16.626,16.845,21.384,21.516,20.805,22.168,22.77,20.393,20.901,23.539,29.673,34.448,36.261,39.514,48.073,55.773,50.513,48.248,51.575,46.607,48.416,50.01,43.112,44.67,48.545,54.059,54.154,56.854,60.238,63.422,66.668,70.092
Solomon Islands,0.177,0.188,0.187,0.176,0.176,0.16,0.143,0.15,0.171,0.167,0.208,0.22,0.261,0.291,0.368,0.429,0.471,0.493,0.419,0.447,0.381,0.38,0.324,0.314,0.363,0.429,0.471,0.516,0.608,0.598,0.681,0.933,1.064,1.13,1.174,1.158,1.233,1.284,1.378,1.44,1.532,1.637,1.747,1.877,2.008
Somalia,no data,no data,no data,no data,no data,no data,no data,no data,no data,no data,no data,no data,no data,no data,no data,no data,no data,no data,no data,no data,no data,no data,no data,no data,no data,no data,no data,no data,no data,no data,no data,3.499,3.611,3.892,3.964,4.049,4.198,4.509,4.721,4.958,5.218,5.507,5.816,6.143,6.488
South Africa,82.981,85.463,78.415,87.417,77.315,59.102,67.562,88.572,95.207,99.044,115.533,123.964,134.557,134.345,139.804,155.461,147.701,152.611,137.686,136.55,136.453,121.602,115.748,175.254,228.931,257.667,271.812,299.033,287.095,297.221,375.304,416.879,396.332,366.821,350.901,317.578,296.273,349.433,368.135,358.839,369.854,383.9,399.697,416.432,434.421
"South Sudan, Republic of",no data,no data,no data,no data,no data,no data,no data,no data,no data,no data,no data,no data,no data,no data,no data,no data,no data,no data,no data,no data,no data,no data,no data,no data,no data,no data,no data,no data,no data,no data,no data,17.186,11.267,14.947,15.105,14.558,3.443,3.438,4.583,3.681,3.355,3.47,4.081,4.087,4.219
Spain,230.189,204.082,197.154,172.429,171.955,181.172,250.683,317.602,373.143,411.571,534.328,575.021,628.565,528.01,529.824,612.429,638.444,587.92,616.885,634.396,597.148,626.522,708.006,908.628,1071.036,1158.348,1265.678,1481.397,1641.514,1503.409,1434.184,1489.755,1336.789,1362.261,1379.1,1199.688,1237.998,1317.104,1427.533,1397.87,1440.399,1503.508,1564.589,1626.803,1695.199
Sri Lanka,5.024,5.228,5.644,6.093,7.142,7.064,7.571,7.884,8.24,8.271,9.468,10.367,11.176,11.948,13.781,14.635,16.051,17.888,18.43,18.532,19.371,18.61,19.585,21.621,23.655,27.945,32.359,37.043,46.602,48.113,56.71,65.267,68.419,74.277,79.312,80.557,82.39,88.013,88.901,86.566,92.111,98.976,106.384,114.456,123.445
Sudan,9.095,6.53,4.748,6.485,7.992,5.547,7.4,11.964,9.551,16.853,2.245,2.528,3.1,5.246,5.961,6.694,8.377,10.241,10.924,10.714,13.134,15.716,18.137,21.355,26.646,35.183,45.264,59.44,64.833,54.812,65.716,66.448,48.948,52.892,60.726,65.266,55.563,45.944,34.282,30.873,33.69,33.929,34.343,34.887,35.48
Suriname,1.192,1.333,1.372,1.325,1.296,1.309,1.336,1.469,1.741,2.034,0.539,0.594,0.551,0.434,0.488,0.927,1.153,1.235,1.483,1.222,1.266,1.09,1.376,1.615,1.868,2.235,2.626,2.936,3.533,3.876,4.368,4.422,4.98,5.146,5.241,4.787,3.166,3.069,3.427,3.774,4.162,4.357,4.706,4.931,5.184
Sweden,136.602,127.192,112.479,103.872,107.557,111.351,147.956,179.559,202.941,212.91,256.236,272.895,280.572,211.209,227.273,265.394,289.758,266.384,268.917,272.292,261.336,241.018,265.336,332.269,382.625,389.753,420.221,487.975,515.414,435.113,495.329,572.744,550.927,584.638,580.249,503.651,515.744,540.545,556.073,528.929,540.785,567.67,598.91,632.457,669.684
Switzerland,118.954,108.905,111.579,111.278,106.269,107.779,154.449,193.384,209.365,202.212,258.017,261.197,271.577,264.178,292.675,342.76,330.247,286.561,294.82,289.538,272.179,278.678,301.501,353.157,393.587,408.669,431.133,480.271,553.824,541.614,583.055,699.666,667.892,688.729,709.481,679.728,671.399,680.029,705.546,715.36,749.424,782.014,816.372,852.436,891.274
Syria,12.98,16.652,17.415,18.649,19.171,21.177,25.428,32.497,16.538,9.849,12.303,12.738,13.263,13.796,15.105,16.556,17.761,16.573,16.144,16.785,19.861,20.979,22.758,21.702,25.204,28.881,33.824,40.488,52.631,53.939,60.043,no data,no data,no data,no data,no data,no data,no data,no data,no data,no data,no data,no data,no data,no data
São Tomé and Príncipe,0.069,0.084,0.081,0.076,0.079,0.083,0.117,0.117,0.1,0.099,0.12,0.108,0.096,0.127,0.132,0.104,0.136,0.093,0.073,0.078,0.077,0.072,0.08,0.096,0.104,0.125,0.133,0.145,0.188,0.188,0.197,0.233,0.253,0.303,0.349,0.318,0.348,0.376,0.423,0.43,0.463,0.499,0.541,0.584,0.63
Taiwan Province of China,42.3,48.986,49.545,54.162,61.088,63.641,78.234,105.04,126.461,152.727,166.845,187.354,223.123,236.537,256.438,279.27,292.687,303.706,280.407,304.174,331.407,300.422,308.884,318.597,348.521,375.787,388.547,408.221,417.038,392.106,446.141,485.671,495.919,511.599,530.515,525.601,531.357,574.895,589.906,586.104,603.031,635.053,670.153,707.257,746.023
Tajikistan,no data,no data,no data,no data,no data,no data,no data,no data,no data,no data,no data,no data,0.291,0.678,0.829,0.569,1.052,1.121,1.32,1.087,0.991,1.057,1.212,1.555,2.073,2.311,2.811,3.712,5.135,4.977,5.642,6.523,7.592,8.506,9.242,7.857,6.953,7.144,7.52,8.152,8.632,9.183,9.732,10.253,10.818
Tanzania,10.873,13.005,14.932,15.294,13.915,12.556,15.874,7.821,7.474,6.444,5.172,6.019,5.588,5.17,5.478,6.382,7.889,9.341,11.481,11.777,12.369,12.61,13.122,14.159,15.575,17.174,18.878,21.811,27.762,28.985,31.533,34.067,39.651,45.681,50.002,47.384,49.774,53.227,56.852,62.224,67.241,72.49,78.356,84.978,92.226
Thailand,33.422,35.999,37.799,41.366,43.179,40.185,44.52,52.204,63.704,74.637,88.467,101.247,115.576,128.89,146.684,169.279,183.035,150.18,113.676,126.669,126.392,120.297,134.301,152.281,172.895,189.318,221.758,262.943,291.383,281.711,341.105,370.819,397.558,420.334,407.339,401.266,412.411,455.322,504.928,529.177,557.309,590.37,626.327,664.761,700.151
Timor-Leste,no data,no data,no data,no data,no data,no data,no data,no data,no data,no data,no data,no data,no data,no data,no data,no data,no data,no data,no data,no data,0.44,0.518,0.511,0.543,1.078,1.814,2.658,2.881,4.391,3.2,3.999,5.672,6.662,5.638,4.042,3.093,2.504,2.487,2.746,2.938,3.132,3.062,2.945,3.269,3.631
Togo,1.479,1.228,1.035,0.986,0.906,0.95,1.331,1.562,1.739,1.706,2.055,2.031,2.13,1.623,1.258,1.661,1.815,1.849,1.75,1.757,1.493,1.483,1.706,2.116,2.26,2.283,2.352,2.663,3.323,3.376,3.432,3.872,3.876,4.322,4.576,4.181,4.469,4.801,5.358,5.502,5.995,6.559,7.169,7.832,8.568
Tonga,0.074,0.082,0.081,0.08,0.084,0.079,0.094,0.101,0.119,0.144,0.15,0.174,0.18,0.188,0.203,0.213,0.234,0.22,0.198,0.201,0.195,0.177,0.191,0.212,0.248,0.283,0.294,0.321,0.342,0.338,0.39,0.455,0.46,0.447,0.445,0.413,0.43,0.47,0.488,0.488,0.509,0.527,0.545,0.565,0.587
Trinidad and Tobago,6.343,7.113,8.28,7.898,7.891,7.503,4.877,4.88,4.574,4.397,5.155,5.399,5.533,4.656,5.032,5.421,5.859,5.837,6.148,6.925,8.295,8.96,9.148,11.464,13.472,16.17,18.6,22.006,28.233,19.562,22.522,25.789,25.769,27.11,27.478,25.121,21.754,22.25,22.525,22.607,23.251,24.17,25.175,26.239,27.414
Tunisia,9.566,9.223,8.9,9.202,9.054,9.245,9.91,10.663,11.073,11.069,13.474,14.202,16.978,15.944,17.052,19.654,21.283,20.747,21.803,22.943,21.474,22.066,23.142,27.454,31.184,32.272,34.377,38.915,44.844,43.466,44.054,45.81,45.044,46.248,47.634,43.152,41.802,39.817,39.895,38.732,39.61,37.971,38.461,41.205,44.791
Turkey,96.526,97.794,88.854,84.906,82.583,92.76,102.304,118.885,125.153,147.688,207.375,208.109,219.091,248.447,179.208,233.34,250.263,261.775,276.012,256.485,273.085,200.305,238.342,311.944,404.853,501.163,550.796,675.01,764.643,644.47,772.29,832.497,873.696,950.328,934.075,859.449,863.39,852.648,771.274,743.708,813.81,904.556,978.755,1036.059,1099.486
Turkmenistan,no data,no data,no data,no data,no data,no data,no data,no data,no data,no data,no data,no data,0.951,5.363,4.542,5.874,2.379,2.681,2.862,3.857,5.022,6.933,8.7,11.424,14.196,17.174,21.393,25.962,21.516,20.214,22.583,29.233,35.164,39.198,43.524,35.8,36.18,37.926,40.761,46.674,54.226,60.651,67.009,74.07,81.907
Tuvalu,no data,no data,no data,no data,no data,no data,no data,no data,no data,no data,no data,no data,no data,no data,no data,no data,no data,no data,no data,no data,0.014,0.013,0.016,0.018,0.022,0.022,0.023,0.027,0.031,0.027,0.032,0.039,0.038,0.038,0.037,0.036,0.037,0.04,0.042,0.042,0.046,0.049,0.053,0.057,0.06
Uganda,5.769,9.341,6.481,7.413,5.703,5.219,5.199,8.384,8.685,7.041,5.743,3.004,2.809,3.323,4.809,5.76,5.944,6.48,6.343,6.029,5.978,6.039,6.494,6.724,8.285,9.603,10.851,13.497,17.279,18.579,20.212,21.108,24.587,25.71,26.723,22.96,24.75,26.464,28.116,30.666,33.93,37.1,41.021,44.57,50.928
Ukraine,no data,no data,no data,no data,no data,no data,no data,no data,no data,no data,no data,no data,22.193,35.025,38.012,38.275,46.083,51.867,43.315,32.661,32.331,37.863,42.339,50.096,64.752,85.996,107.767,143.26,181.313,117.079,136.011,163.161,175.707,179.572,130.571,90.489,93.313,112.125,130.857,150.401,161.872,172.226,182.522,193.315,204.485
United Arab Emirates,40.415,45.002,41.848,38.345,38.012,37.31,29.568,32.466,32.999,38.09,49.09,49.821,52.208,53.438,57.45,63.637,70.991,76.171,73.394,82.865,103.893,103.312,109.816,124.346,147.824,180.617,222.117,257.916,315.475,253.547,289.787,350.666,374.591,390.108,403.137,358.135,357.045,377.701,414.179,405.771,414.02,426.803,442.867,461.438,482.174
United Kingdom,604.678,587.772,558.717,532.564,504.481,536.81,654.761,812.013,988.304,1005.574,1191.021,1244.811,1284.454,1149.99,1235.021,1336.125,1410.853,1553.949,1641.822,1668.683,1651.392,1626.218,1775.814,2045.693,2404.7,2527.843,2700.951,3085.3,2934.747,2403.357,2455.309,2635.799,2677.082,2755.356,3036.31,2897.06,2669.107,2640.067,2828.833,2743.586,2716.534,2806.243,2911.119,3024.981,3149.849
United States,2857.325,3207.025,3343.8,3634.025,4037.65,4339,4579.625,4855.25,5236.425,5641.6,5963.125,6158.125,6520.325,6858.55,7287.25,7639.75,8073.125,8577.55,9062.825,9630.7,10252.35,10581.825,10936.45,11458.25,12213.725,13036.625,13814.6,14451.875,14712.825,14448.925,14992.05,15542.6,16197.05,16784.825,17527.275,18224.775,18715.05,19519.4,20580.25,21439.453,22321.762,23180.283,24013.801,24881.411,25793.419
Uruguay,11.199,12.499,10.218,5.609,5.334,5.212,6.47,8.095,8.375,8.827,10.27,12.376,14.223,16.568,19.299,21.312,22.657,23.974,25.394,23.995,22.832,20.907,13.632,12.067,13.708,17.398,19.62,23.461,30.366,31.661,40.285,47.962,51.266,57.531,57.236,53.275,52.687,59.546,59.651,59.918,62.917,66.885,69.496,72.661,75.854
Uzbekistan,no data,no data,no data,no data,no data,no data,no data,no data,no data,no data,no data,no data,4.361,6.742,7.991,12.459,17.059,18.018,18.316,20.881,16.808,14.252,11.833,12.411,14.705,17.535,20.863,27.333,35.05,41,47.492,54.945,61.98,69.008,76.661,81.34,81.323,58.147,50.485,60.49,70.156,79.887,89.851,101.155,113.366
Vanuatu,0.121,0.114,0.114,0.117,0.144,0.132,0.128,0.139,0.158,0.154,0.169,0.201,0.209,0.2,0.234,0.249,0.261,0.273,0.262,0.268,0.272,0.257,0.262,0.315,0.365,0.39,0.435,0.527,0.599,0.607,0.681,0.759,0.77,0.798,0.817,0.774,0.798,0.88,0.928,0.951,1.003,1.056,1.114,1.176,1.242
Venezuela,69.841,78.367,79.998,79.672,57.826,59.865,60.877,46.854,60.378,44.672,48.391,53.382,60.4,59.865,58.357,77.427,70.536,85.667,91.905,97.239,117.676,123.156,95.57,83.67,112.189,143.326,177.722,221.953,289.877,237.448,294.507,334.272,331.628,234.401,212.347,323.595,279.249,143.841,98.437,70.14,62.921,59.681,no data,no data,no data
Vietnam,27.847,13.875,18.405,27.726,48.177,14.999,33.873,42.045,23.234,6.293,6.472,7.642,9.867,13.181,16.312,20.798,24.692,26.892,27.234,28.702,31.176,32.524,35.097,39.563,49.52,57.648,66.393,77.52,98.269,101.634,112.771,134.598,155.483,170.444,185.759,191.288,201.326,220.376,241.272,261.637,284.847,308.628,334.5,363.034,394.888
Yemen,no data,no data,no data,no data,no data,no data,no data,no data,no data,no data,12.644,14.665,17.959,21.737,28.019,12.796,6.496,6.838,6.322,7.639,9.679,9.853,10.693,11.778,13.868,16.732,19.063,21.651,26.911,25.13,30.907,32.726,35.401,40.415,43.229,36.971,28.083,24.561,27.591,29.855,23.032,24.372,26.584,28.063,29.033
Zambia,4.246,4.385,4.232,3.653,3.003,2.848,1.962,2.431,4.095,4.365,4.085,3.69,3.614,3.549,3.657,3.799,3.599,4.303,3.538,3.405,3.601,4.094,4.194,4.902,6.221,8.332,12.757,14.057,17.911,15.328,20.265,23.46,25.503,28.046,27.151,21.243,20.941,25.868,26.72,23.946,23.342,23.415,23.636,23.951,24.401
Zimbabwe,no data,no data,no data,no data,no data,no data,no data,no data,no data,no data,10.144,9.45,7.793,7.569,7.959,8.263,10.117,10.386,12.099,11.769,11.34,11.244,10.735,9.574,9.465,9.046,8.141,7.785,6.707,9.666,12.042,14.102,17.115,19.091,19.496,19.963,20.054,21.89,20.997,12.818,12.868,13.468,14.319,15.113,16.004
Africa (Region),444.517,453.449,461.461,441.479,384.722,379.54,416.069,464.939,493.465,533.328,622.984,571.455,570.902,572.966,562.687,668.272,747.753,777.068,786.727,645.562,666.719,645.938,659.182,791.413,949.65,1119.124,1296.243,1514.163,1768.041,1679.588,1971.602,2199.854,2348.096,2427.982,2510.995,2288.036,2161.953,2184.151,2307.321,2399.277,2581.428,2754.408,2946.736,3157.161,3386.28
Asia and Pacific,2327.474,2489.365,2420.873,2572.12,2723.174,2782.837,3540.159,4203.66,5024.797,5228.896,5453.817,6006.496,6580.793,7409.955,8037.791,9138.506,8924.278,8591.089,7774.955,8645.385,9245.485,8628.792,8866.373,9895.431,11169.509,12082.883,12942.134,14801.37,16763.073,17257.302,20167.497,23174.233,24635.573,25002.577,25921.701,25797.015,26702.882,28423.821,30225.399,31420.936,33439.803,35861.268,38446.145,41200.464,44168.361
Australia and New Zealand,185.139,211.496,209.903,201.595,219.113,196.565,208.527,249.627,316.022,351.763,369.147,367.24,358.994,353.54,405.44,440.334,492.613,494.442,437.379,469.894,453.265,429.813,486.404,622.205,758.101,847.487,890.905,1082.884,1191.099,1120.692,1397.027,1681.104,1744.164,1705.324,1657.242,1410.529,1452.808,1587.242,1623.172,1580.927,1591.648,1670.146,1757.418,1848.985,1942.227
Caribbean,23.349,25.832,27.363,27.538,32.855,24.7,24.728,24.871,24.435,26.668,27.947,29.627,31.229,33.298,36.892,43.101,46.745,50.762,54.678,57.656,61.974,63.965,66.953,63.119,68.285,87.842,94.738,107.893,120.174,108.706,118.526,128.442,132.456,135.924,141.443,144.551,145.487,151.989,160.649,164.758,173.623,184.034,194.89,206.472,218.77
Central America,25.683,24.906,25.89,27.381,29.06,31.488,29.64,28.839,27.82,31.289,28.461,35.788,40.257,43.619,47.473,52.472,55.651,60.522,65.51,66.318,69.484,73.392,77.101,80.748,87.131,95.649,106.151,120.266,136.779,137.397,152.746,174.252,189.813,202.859,215.748,232.207,245.413,260.293,268.883,276.725,292.584,309.893,328.193,348.02,371.039
Central Asia and the Caucasus,96.526,97.794,88.854,84.906,82.583,92.76,102.304,118.885,125.153,147.688,207.375,208.109,229.787,269.19,209.291,275.986,301.448,316.64,332.054,309.654,325.807,257.038,302.701,388.714,503.724,628.517,721.786,901.698,1048.658,906.429,1089.986,1230.478,1309.482,1432.602,1416.361,1270.96,1214.13,1214.673,1146.287,1132.885,1236.201,1363.454,1477.956,1584.857,1699.043
East Asia,1552.222,1668.023,1586.893,1728.574,1832.73,1918.304,2625.226,3174.538,3878.078,3994.11,4066.97,4616.186,5095.381,5834.122,6337.578,7186.205,6772.879,6438.527,5902.335,6631.726,7182.994,6666.563,6696.718,7301.271,8094.515,8558.978,8943.362,9883.368,11331.473,11907.474,13592.487,15677.35,16822.784,16961.391,17703.437,17928.145,18512.376,19474.013,21025.965,21896.899,23312.528,24926.902,26646.77,28478.646,30456.885
Eastern Europe ,152.631,161.757,175.011,176.832,168.745,169.095,176.487,178.836,205.401,199.064,1202.404,1003.861,318.93,458.314,599.486,767.656,895.225,935.432,817.415,702.686,766.97,866.497,979.142,1193.888,1522.483,1865.28,2261.767,2924.796,3657.14,2859.412,3232.844,3822.546,3877.871,4074.23,3837.154,2880.327,2829.663,3304.08,3600.31,3601.992,3746.098,3932.587,4130.57,4345.231,4574.347
Europe,3994.247,3596.104,3481.294,3392.528,3257.183,3372.898,4545.241,5582.108,6242.965,6341.382,8826.542,9119.146,9138.086,8470.337,9099.972,10506.522,10816.589,10269.861,10439.171,10331.08,9719.545,9872.072,10807.142,13124.637,15248.574,16157.057,17468.732,20375.656,22391.624,19670.869,19967.425,21978.077,21034.539,21925.378,22281.68,19114.425,19117.143,20300.558,21867.127,21418.39,21955.221,22857.161,23782.053,24751.767,25810.061
Middle East (Region),389.687,426.538,415.944,420.445,416.726,419.679,426.411,514.722,551.346,621.616,874.06,620.581,399.549,423.305,469.034,525.612,603.533,653.25,660.046,772.565,956.513,909.602,718.306,802.97,966.124,1181.559,1396.128,1655.276,2069.077,1825.795,2151.708,2566.962,2554.291,2666.064,2738.397,2366.651,2377.946,2556.937,2817.907,2832.565,2886.292,2982.323,3109.568,3260.278,3444.8
North Africa,136.375,130.856,135.728,142.243,147.289,163.702,169.372,195.527,206.281,232.288,232.278,175.496,178.432,179.009,178.428,196.7,218.183,224.372,230.944,244.435,258.104,252.655,232.874,258.731,291.987,339.275,387.91,457.679,553.065,522.541,597.476,627.156,710.854,702.732,701.354,659.579,656.204,584,622.695,665.827,729.866,763.853,799.53,838.592,877.941
North America,3376.402,3823.834,3888.276,4166.875,4618.396,4942.856,5131.117,5477.319,5973.902,6483.161,6880.208,7151.054,7553.053,7975.317,8434.655,8648.415,9160.016,9781.142,10277.429,10967.173,11766.584,12147.149,12541.25,13159.012,14102.758,15171.507,16196.587,17062.993,17469.317,16821.867,17765.576,18616.766,19328.072,20008.314,20750.035,21055.224,21427.317,22430.537,23615.913,24544.456,25556.88,26572.29,27570.174,28613.682,29712.782
Pacific Islands ,6.023,5.987,5.73,5.625,5.421,5.068,5.521,5.8,7.357,7.29,7.065,8.041,9.162,10.212,11.255,10.633,11.377,11.036,8.707,8.536,8.293,7.579,7.734,9.391,10.754,12.301,13.529,15.285,17.847,16.992,20.201,25.142,28.882,29.166,31.487,29.706,29.11,31.365,32.554,33.264,34.193,35.261,36.639,38.265,40.012
South America,575.012,579.194,492.798,461.474,451.762,498.878,562.39,596.647,664.751,730.043,807.293,827.296,883.893,954.808,1137.387,1441.17,1529.368,1627.057,1607.3,1294.539,1369.544,1258.376,994.194,1070.441,1298.697,1658.424,2016.124,2497.707,3030.506,2906.219,3743.61,4425.539,4413.514,4409.943,4316.893,3724.614,3588.3,3890.54,3598.072,3472.592,3563.702,3759.77,3956.904,4171.342,4377.357
South Asia,250.202,262.944,271.961,289.486,290.316,313.117,331.226,367.257,393.08,399.007,428.291,386,409.057,406.572,461.309,512.085,552.677,579.507,586.944,628.432,637.266,652.344,686.098,800.876,928.619,1061.671,1205.953,1526.922,1554.721,1706.671,2084.398,2256.362,2285.696,2347.918,2572.327,2690.559,2914.131,3339.303,3447.594,3662.255,3945.379,4311.258,4719.452,5167.109,5654.847
Southeast Asia,237.361,243.122,257.533,261.933,293.011,257.023,267.356,287.553,305.108,329.039,374.969,420.92,478.412,536.319,612.917,713.263,793.284,750.936,507.536,597.143,637.86,615.454,686.717,772.975,873.797,973.929,1166.599,1391.213,1619.275,1599.044,1983.399,2303.796,2444.565,2526.176,2540.847,2467.116,2580.328,2777.225,2949.828,3114.707,3319.854,3554.247,3807.909,4082.602,4375.348
Sub-Saharan Africa (Region) ,308.142,322.593,325.733,299.236,237.432,215.838,246.697,269.412,287.184,301.04,390.706,395.959,392.47,393.957,384.259,471.572,529.571,552.696,555.782,401.127,408.615,393.283,426.309,532.681,657.662,779.849,908.333,1056.483,1214.976,1157.047,1374.125,1572.697,1637.242,1725.25,1809.641,1628.457,1505.749,1600.151,1684.626,1733.451,1851.562,1990.555,2147.206,2318.569,2508.34
Western Europe,3841.617,3434.347,3306.283,3215.696,3088.438,3203.803,4368.754,5403.272,6037.564,6142.318,7624.139,8115.285,8819.157,8012.023,8500.487,9738.866,9921.364,9334.429,9621.755,9628.393,8952.575,9005.575,9828,11930.748,13726.091,14291.777,15206.965,17450.861,18734.484,16811.456,16734.58,18155.531,17156.669,17851.149,18444.526,16234.098,16287.48,16996.478,18266.817,17816.398,18209.123,18924.574,19651.482,20406.535,21235.714
Western Hemisphere (Region),4000.445,4453.766,4434.328,4683.268,5132.073,5497.922,5747.875,6127.676,6690.908,7271.162,7743.909,8043.765,8508.433,9007.042,9656.406,10185.158,10791.78,11519.483,12004.917,12385.686,13267.587,13542.882,13679.498,14373.321,15556.87,17013.421,18413.6,19788.858,20756.776,19974.188,21780.458,23344.999,24063.856,24757.04,25424.119,25156.595,25406.517,26733.359,27643.517,28458.53,29586.789,30825.988,32050.161,33339.515,34679.947
ASEAN-5,223.366,227.637,240.535,241.876,270.517,230.331,243.09,260.864,274.143,292.482,329.528,367.282,416.842,466.079,528.846,613.175,684.08,638.085,407.048,493.728,520.222,504.644,573.396,651.204,729.212,811.207,977.126,1162.767,1363.871,1341.25,1667.369,1924.344,2041.046,2107.129,2111.602,2047.424,2151.956,2323.566,2458.144,2624.644,2811.991,3020.946,3245.059,3487.254,3744.254
Advanced economies,8454.129,8589.521,8531.012,8875.924,9281.982,9772.777,11926.963,13865.259,15661.797,16339.817,18345.221,19594.008,21071.993,21219.586,22780.517,25220.323,25402.465,24922.432,25015.604,26334.648,26787.507,26510.811,27683.547,31047.431,34437.532,36242.058,38123.245,41637.183,43934.115,41487.84,43286.102,46468.792,46304.946,46714.189,47839.421,45282.007,46475.758,48465.122,51242.806,51743.759,53454.779,55580.182,57751.551,60030.129,62472.283
Emerging and Developing Asia,759.102,755.249,769.515,812.931,848.556,832.536,851.369,930.623,1045.606,1117.707,1120.761,1128.842,1278.275,1449.012,1511.349,1807.505,2047.095,2126.583,1970.187,2164.013,2324.387,2453.742,2689.756,3069.344,3561.68,4113.563,4878.571,6176.458,7437.965,8087.636,9745.287,11625.653,12823.151,14012.94,15133.078,15847.662,16160.817,17579.642,19133.354,20318.036,21955.58,23838.498,25836.392,27978.432,30289.202
Emerging and Developing Europe,249.157,259.552,263.865,261.738,251.328,261.855,278.791,297.722,330.554,346.752,1409.779,1211.971,517.056,671.95,739.04,883.881,1016.272,1070.928,957.902,826.409,914.223,932.623,1058.658,1305.371,1685.045,2091.383,2495.365,3197.115,3930.349,3079.965,3584.872,4188.483,4316.398,4573.336,4312.896,3336.88,3275.422,3698.67,3854.729,3826.312,4012.11,4257.475,4498.214,4738.235,4996.343
Emerging market and developing economies,2702.242,2829.702,2682.889,2633.917,2631.895,2680.099,2748.792,3027.847,3341.683,3656.567,5176.091,4767.436,4125.77,4664.019,5045.373,5803.968,6481.686,6888.634,6650.541,6445.958,7070.939,7098.323,7057.515,7952.431,9467.993,11328.444,13412.941,16521.88,19841.787,18947.738,22787.28,26843.025,28385.415,30128.24,31105.071,29497.47,29347.887,31797.023,33686.702,34855.072,37064.829,39772.836,42657.456,45756.056,49097.176
Euro area,no data,no data,no data,no data,no data,no data,no data,no data,no data,no data,no data,6093.681,6720.446,6108.319,6452.369,7615.246,7732.7,6942.463,7105.406,7117.232,6489.281,6581.87,7181.855,8845.649,10140.822,10515.994,11172.607,12871.519,14155.022,12931.976,12653.244,13633.034,12642.474,13187.204,13505.795,11669.211,11957.892,12629.651,13639.082,13313.986,13678.438,14235.64,14780.454,15337.614,15949.789
European Union,3805.474,3417.829,3301.52,3214.509,3083.671,3194.352,4305.495,5286.361,5923.02,6028.052,7394.549,7871.467,8597.919,7830.19,8316.003,9610.356,9821.461,9279.324,9601.739,9590.158,8918.864,9003.418,9838.802,11957.426,13800.162,14427.037,15398.837,17801.812,19226.235,17157.446,17020.091,18386.485,17314.961,18044.526,18682.427,16437.356,16540.757,17348.916,18736.855,18292.198,18750.374,19531.935,20322.457,21144.842,22045.235
Latin America and the Caribbean,852.65,923.542,759.129,690.107,718.537,772.454,767.272,815.415,918.932,1034.08,1154.103,1240.85,1359.112,1532.52,1749.561,1896.839,2042.738,2238.757,2254.009,2018.737,2208.912,2152.427,1910.358,1943.644,2236.356,2719.392,3192.397,3778.563,4397.447,4052.368,5072.683,5908.721,5936.877,6023.17,5988.653,5271.938,5057.106,5459.775,5249.657,5188.25,5352.398,5634.419,5922.284,6234.319,6546.544
Major advanced economies (G7),6882.093,7096.007,7065.865,7455.14,7845.048,8317.545,10058.075,11557.45,12995.429,13491.148,14925.109,15986.013,17161.228,17493.905,18704.454,20392.446,20361.704,20110.869,20386.355,21481.854,21996.078,21737.35,22436.538,24763.014,27192.613,28394.343,29625.142,31814.337,33313.414,31757.128,32943.465,35021.364,35194.472,35219.399,36121.693,34702.692,35651.273,36876.177,38900.677,39627.483,41031.337,42594.792,44166.729,45815.94,47577.269
Middle East and Central Asia,542.286,575.296,569.395,576.389,584.033,602.962,612.063,726.639,768.958,873.842,1104.836,794.382,584.092,623.731,669.131,752.978,856.524,912.018,925.677,1048.551,1230.01,1184.071,992.732,1125.19,1356.663,1662.619,1987.728,2377.234,2931.244,2630.628,3081.915,3620.837,3727.819,3854.204,3929.136,3485.074,3411.66,3512.421,3806.778,3828.715,3936.209,4095.799,4298.625,4533.194,4804.97
Other advanced economies,768.322,787.033,782.146,781.237,818.674,815.119,993.815,1222.95,1442.661,1569.641,1807.865,1925.82,2051.388,2026.4,2275.827,2681.646,2860.093,2771.655,2498.843,2678.225,2762.084,2678.41,2914.511,3356.827,3836.976,4232.612,4585.27,5244.199,5540.075,5095.668,5868.105,6706.233,6757.161,6984.434,7114.113,6545.305,6677.324,7164.952,7507.364,7356.688,7502.544,7845.153,8226.579,8633.338,9069.529
Sub-Saharan Africa,299.047,316.063,320.985,292.751,229.44,210.291,239.297,257.448,277.633,284.188,386.612,391.392,387.234,386.806,376.291,462.764,519.058,540.347,542.765,388.248,393.407,375.461,406.01,508.882,628.25,741.487,858.88,992.511,1144.784,1097.14,1302.523,1499.331,1581.169,1664.59,1741.308,1555.915,1442.882,1546.516,1642.183,1693.76,1808.531,1946.644,2101.941,2271.875,2460.118
World,11156.371,11419.223,11213.901,11509.84,11913.877,12452.876,14675.754,16893.106,19003.48,19996.384,23521.312,24361.443,25197.763,25883.605,27825.89,31024.291,31884.151,31811.066,31666.145,32780.606,33858.446,33609.134,34741.061,38999.862,43905.526,47570.502,51536.187,58159.063,63775.903,60435.578,66073.382,73311.817,74690.361,76842.429,78944.492,74779.477,75823.645,80262.145,84929.508,86598.831,90519.608,95353.018,100409.007,105786.185,111569.459
,,,,,,,,,,,,,,,,,,,,,,,,,,,,,,,,,,,,,,,,,,,,,
"©IMF, 2019",,,,,,,,,,,,,,,,,,,,,,,,,,,,,,,,,,,,,,,,,,,,,
