"GDP per capita, current prices (U.S. dollars per capita)",1980,1981,1982,1983,1984,1985,1986,1987,1988,1989,1990,1991,1992,1993,1994,1995,1996,1997,1998,1999,2000,2001,2002,2003,2004,2005,2006,2007,2008,2009,2010,2011,2012,2013,2014,2015,2016,2017,2018,2019,2020,2021,2022,2023,2024
Afghanistan,no data,no data,no data,no data,no data,no data,no data,no data,no data,no data,no data,no data,no data,no data,no data,no data,no data,no data,no data,no data,no data,no data,196.683,196.954,214.23,248.049,270.189,321.441,377.256,430.867,532.072,602.183,661.087,635.635,629.332,594.513,560.601,569.531,544.983,513.108,509.759,533.089,566.416,602.884,644.95
Albania,728.359,817.734,824.542,815.529,788.332,788.801,855.724,832.245,805.046,860.784,675.736,408.022,259.75,452.623,736.028,903.989,1009.967,717.381,818.32,1032.264,1127.64,1283.573,1425.125,1846.119,2373.58,2673.773,2972.745,3595.053,4370.562,4114.09,4097.833,4439.89,4248.909,4415.6,4584.919,3953.611,4124.405,4540.459,5239.212,5372.742,5847.056,6333.425,6876.566,7410.754,7993.468
Algeria,2268.607,2305.505,2254.328,2316.679,2432.717,2753.697,2698.915,2705.111,2143.742,2127.866,2473.512,1819.984,1873.422,1894.946,1542.974,1499.143,1643.265,1658.732,1633.09,1630.071,1794.695,1768.577,1806.86,2128.385,2636.309,3141.027,3508.959,3986.564,4943.502,3886.059,4480.719,5453.894,5574.507,5477.055,5466.329,4153.322,3918.941,4012.134,4080.913,3980.118,4039.101,4032.707,4055.391,4047.724,3768.013
Angola,745.119,679.02,661.52,671.804,693.779,758.525,690.446,769.563,812.794,920.268,986.639,928.506,695.059,489.755,346.239,419.529,525.403,599.077,493.041,452.677,652.11,619.697,841.42,951.969,1222.038,1862.424,2561.859,3099.087,4081.688,3146.802,3641.444,4716.253,5245.023,5436.516,5625.736,4354.921,3676.826,4303.693,3620.589,3037.976,2867.517,2897.032,2953.859,3045.26,3120.541
Antigua and Barbuda,1920.27,2177.102,2448.568,2752.963,3200.967,3764.001,4617.601,5455.277,6547.27,7273.222,7623.412,7927.571,8084.421,8474.018,9097.242,8675.225,9266.488,9678.3,10074.768,10349.505,10981.376,10414.643,10482.368,10893.152,11582.523,12738.001,14264.568,15996.056,16514.078,14616.947,13568.906,13295.364,13874.188,13514.889,14144.119,14967.361,15914.676,16089.363,17464.336,18109.095,18887.448,19544.781,20124.74,20721.909,21336.798
Argentina,8106.24,6467.988,3158.507,3841.894,4241.377,3149.677,3739.41,3790.752,4386.527,2779.87,4709.661,6233.393,7420.317,7558.499,8125.908,8053.119,8385.153,8918.826,9005.377,8452.876,8386.587,7851.658,2898.289,3645.943,4314.098,5163.55,5976.082,7315.726,9146.79,8337.811,10412.974,12787.806,13889.792,14488.829,13208.831,14895.316,12772.868,14588.011,11658.22,9887.788,9730.908,10462.467,11138.804,11835.194,12177.217
Armenia,no data,no data,no data,no data,no data,no data,no data,no data,no data,no data,no data,no data,31.321,247.884,196.98,399.576,503.774,521.869,608.415,597.241,620.638,692.287,779.122,923.387,1180.399,1628.063,2128.151,3079.031,3913.436,2911.763,3121.778,3417.172,3575.529,3732.035,3889.004,3529.026,3524,3868.906,4187.611,4527.592,4759.206,5059.52,5378.737,5702.344,6043.953
Aruba,no data,no data,no data,no data,no data,no data,no data,no data,no data,no data,no data,no data,no data,no data,no data,16546.617,16620.854,17751.072,18825.012,19215.013,20678.398,20909.299,21081.787,21704.381,23421.303,23874.635,24389.24,26114.088,27204.889,24594.675,23468.6,24801.812,24236.809,24253.141,24599.296,24686.161,24075.516,24164.362,25366.477,25976.24,26469.446,27227.77,28021.822,28850.485,29720.457
Australia,10986.435,12504.437,12211.359,11569.803,12551.011,10946.586,11223.682,12973.776,16214.91,18167.692,18833.861,18631.372,18082.035,17424.335,19703.657,20868.045,23106.852,22990.441,20346.819,21726.343,20851.835,19431.456,21644.925,27222.017,32750.638,36151.005,37868.896,45105.291,49151.941,45685.166,56453.662,67222.19,68436.084,65171.227,61652.51,51496.628,51978.954,55973.64,56420.201,53825.164,52952.268,54587.897,56467.987,58449.932,60369.331
Austria,10731.961,9280.733,9267.669,9417.24,8882.634,9090.8,12886.102,16093.023,17632.824,17547.821,21827.452,22621.893,25068.411,24152.673,25725.571,30350.546,29820.613,26737.482,27399.085,27210.471,24636.471,24558.922,26508.308,32298.607,36883.892,38450.609,40674.883,46922.558,51914.013,48111.645,46955.173,51452.293,48616.903,50747.384,51814.424,44266.42,45105.314,47389.373,51343.509,50022.612,51330.462,53303.753,55221.178,57279.407,59476.961
Azerbaijan,no data,no data,no data,no data,no data,no data,no data,no data,no data,no data,no data,no data,159.971,174.875,297.162,316.227,411.14,508.043,543.344,576.005,656.386,674.783,760.812,879.863,1039.818,1571.292,2458.421,3818.274,5578.556,4963.769,5880.806,7242.806,7545.873,7926.094,7939.169,5300.136,3897.707,4212.471,4722.325,4689.378,4718.93,4795.521,4941.441,5132.679,5350.316
"Bahamas, The",12289.314,12493.753,13746.78,14958.645,15627.015,16797.762,17850.61,19326.111,19683.611,21814.311,20456.262,19767.718,19417.219,18979.009,19660.92,20271.252,20974.536,21951.759,23300.801,25780.476,26669.435,27060.507,28477.061,28043.46,28239.074,30269.034,30908.205,31894.394,31248.603,29296.493,29303.257,28906.973,30433.05,29654.012,30299.727,32268.96,32417.996,32629.172,32996.799,33261.315,33286.021,34200.153,35018.793,35841.545,36701.69
Bahrain,10189.612,11061.394,11221.699,11117.659,11163.436,10182.368,7695.805,8049.364,9602.789,9668.043,10179.632,10252.365,10536.823,11290.27,11777.073,12143.091,12298.65,12422.116,11565.971,12210.221,14214.58,13894.343,13501.551,14486.061,15963.978,17966.224,19267.567,20908.338,23236.055,19465.292,20827.719,24080.43,25434.451,25965.311,25398.315,22714.28,22651.905,24399.252,25482.741,25273.148,25507.487,25932.82,26444.246,27074.859,27815.127
Bangladesh,274.333,260.211,231.987,236.75,262.124,262.553,267.979,287.84,302.588,324.93,329.494,331.729,324.429,332.768,353.908,383.095,393.525,402.894,407.35,415.371,412.334,406.41,419.69,454.097,485.663,495.486,523.025,584.5,655.954,728.387,807.531,857.496,916.025,1030.028,1163.041,1303.18,1458.851,1605.994,1749.325,1905.716,2067.542,2239.623,2426.072,2628.01,2846.756
Barbados,4036.509,4427.056,4611.693,4882.788,5308.313,5539.558,6062.784,6653.718,7052.007,7776.714,7772.174,7777.866,7464.866,7886.782,8194.382,8414.115,8938.565,9412.367,10573.109,11039.097,11337.027,11284.369,11442.562,11788.654,12612.206,13939.669,15334.01,16925.611,17254.227,16036.404,16203.257,16599.012,16371.952,16556.104,16572.311,16589.45,16947.632,17423.251,17758.083,18069.384,18486.766,19156.7,19913.303,20703.371,21521.657
Belarus,no data,no data,no data,no data,no data,no data,no data,no data,no data,no data,no data,no data,1210.104,1076.142,1481.461,1000.204,1375.754,1341.854,1452.41,1165.601,1277.052,1247.469,1480.153,1811.855,2370.274,3115.513,3838.293,4726.479,6366.189,5345.325,6023.149,6472.739,6938.067,7977.147,8316.012,5941.24,5022.472,5757.286,6283.479,6603.92,6744.238,6823.123,6986.478,7159.078,7289.031
Belgium,12596.432,10421.61,9177.46,8672.346,8288.99,8614.531,11937.381,14819.379,16094.351,16184.35,20227.662,20673.831,22945.228,21839.937,23750.957,28610.841,27747.949,25086.126,25602.963,25509.498,23303.102,23193.959,25210.221,30864.479,35723.702,37117.573,39022.286,44638.329,48813.537,45191.403,44688.196,47961.502,44978.075,46784.339,47550.233,40594.388,41540.274,43689.621,46695.986,45175.585,45979.691,47324.51,48671.139,50099.749,51719.338
Belize,1148.111,1193.646,1170.803,1200.667,1304.267,1258.664,1332.602,1518.633,1759.218,1976.865,2179.95,2291.929,2603.278,2729.91,2751.794,2863.58,2888.603,2845.15,2888.405,3013.08,3330.955,3388.367,3516.41,3618.466,3743.261,3818.446,4040.716,4143.093,4249.069,4135.734,4316.256,4475.07,4588.804,4599.123,4742.917,4811.578,4806.073,4828.354,4862.047,4925.18,4978.34,5036.697,5090.838,5146.625,5099.767
Benin,633.148,413.922,397.573,340.867,352.495,370.342,462.434,535.192,544.339,491.147,580.414,573.656,615.86,579.433,389.725,506.863,533.492,497.342,519.561,552.37,512.9,518.071,574.524,711.107,798.382,823.24,856.1,966.317,1125.303,1087.577,1037.381,1130.077,1145.876,1251.246,1291.759,1076.907,1086.965,1136.142,1241.769,1216.632,1274.28,1365.716,1459.186,1556.988,1663.3
Bhutan,307.957,323.738,331.996,350.04,353.646,356.027,389.913,456.239,506.507,493.323,524.929,455.209,451.704,480.266,494.125,581.144,606.11,668.031,715.848,730.512,773.491,783.204,842.667,932.757,1056.226,1171.862,1288.486,1501.905,1865.177,1721.428,1998.765,2382.108,2445.204,2451.849,2387.788,2604.806,2680.464,2937.511,3160.058,3423.052,3533.204,3786.918,4028.307,4310.651,4593.283
Bolivia,695.535,615.66,668.55,619.896,631.152,668.921,640.939,683.624,712.146,715.525,723.42,777.891,804.735,795.05,804.712,885.679,955.574,1005.873,1057.72,1010.58,1005.409,959.844,914.958,918.468,979.59,1049.064,1240.94,1399.8,1749.2,1789.604,1994.911,2394.789,2664.571,2920.52,3096.838,3050.646,3094.991,3368.756,3565.498,3670.959,3860.622,4090.246,4354.61,4644.584,4983.391
Bosnia and Herzegovina,no data,no data,no data,no data,no data,no data,no data,no data,no data,no data,no data,no data,no data,no data,no data,no data,947.953,1220.09,1408.122,1533.908,1474.45,1533.616,1777.342,2242.967,2686.001,2891.677,3296.751,4060.061,4971.824,4697.839,4611.347,5050.025,4716.643,5036.032,5194.014,4584.264,4808.299,5155.553,5754.74,5741.758,6009.572,6322.157,6662.604,7037.406,7468.044
Botswana,1199.223,1039.432,1057.51,1126.868,1079.237,968.951,1267.145,1915.113,2398.684,2584.231,2750.806,2673.588,2684.209,2629.778,2755.722,2984.191,3006.151,3025.699,2841.934,3173.687,3301.212,3090.261,3017.716,4119.412,4840.806,5338.237,5352.865,5676.255,5641.182,5183.686,6374.994,7503.961,7710.797,7007.253,7497.701,6538.616,6958.336,7584.05,7973.135,7859.18,8116.17,8453.235,8584.925,8725.099,8863.208
Brazil,1229.447,1382.058,1445.715,1134.529,1105.46,1718.904,1954.375,2086.704,2288.611,3086.832,3105.013,2676.886,2522.84,2786.175,3493.998,4950.659,5200.105,5323.82,5128.338,3502.751,3771.94,3177.826,2853.565,3086.086,3655.333,4814.67,5914.448,7385.312,8873.149,8641.608,11327.368,13295.656,12426.577,12357.396,12175.962,8845.674,8751.177,9926.291,8958.576,8796.909,8955.65,9344.111,9737.998,10167.442,10606.458
Brunei Darussalam,no data,no data,no data,no data,no data,19979.818,11946.922,13281.59,12241.233,13457.077,15422.566,15773.381,17386.219,16664.546,16140.896,18292.06,19282.327,19120.874,14526.109,16112.075,20511.076,18680.432,18845.723,20821.905,24294.89,29514.112,34941.384,36692.724,42678.823,31287.184,35437.219,47092.296,47772.207,44860.428,41947.16,31355.736,27318.051,28236.773,30668.369,27871.454,28396.711,28714.65,29303.128,29827.564,30413.905
Bulgaria,2835.477,3049.296,3171.17,3250.675,3446.956,2949.183,2611.002,3030.634,4965.903,5079.805,2253.896,222.706,913.311,501.483,892.192,1511.491,1153.869,1228.132,1631.94,1673.66,1613.935,1783.719,2074.575,2689.768,3344.622,3839.448,4444.514,5812.68,7152.785,6859.679,6743.737,7836.578,7399.392,7667.592,7888.558,7017.414,7496.084,8275.442,9313.834,9518.437,10133.072,10887.504,11650.902,12445.458,13316.361
Burkina Faso,310.905,264.221,240.176,214.033,186.473,200.896,256.767,291.129,313.06,304.852,351.985,346.407,361.049,334.946,196.026,235.832,249.36,229.493,255.718,267.017,226.844,237.452,261.891,332.892,371.698,407.499,419.813,475.794,572.005,554.368,576.478,667.596,674.21,700.234,704.984,575.604,582.987,643.786,715.769,717.962,757.613,802.158,848.54,897.111,949.687
Burundi,232.381,234.94,241.083,247.995,218.999,247.644,253.424,231.932,211.184,213.175,207.113,207.674,187.243,162.572,157.474,167.177,142.588,157.054,141.755,133.412,130.225,127.349,116.392,108.066,122.381,148.71,164.575,170.174,195.79,208.78,231.549,247.097,250.118,267.696,296.186,294.496,298.006,312.463,306.966,309.87,312.732,315.731,323.712,335.157,347.177
Cabo Verde,541.435,522.81,517.666,499.536,466.312,476.329,645.817,783.24,861.862,853.014,957.369,974.873,1062.47,1046.265,1180.486,1378.161,1385.771,1322.336,1376.757,1529.878,1354.544,1387.167,1502.613,1937.154,2186.533,2297.77,2572.566,3112.286,3638.904,3444.555,3312.826,3670.434,3408.481,3558.798,3535.391,2996.794,3083.544,3244.549,3578.662,3598.626,3808.145,4044.509,4302.428,4572.784,4867.494
Cambodia,no data,no data,no data,no data,no data,no data,25.707,17.116,32.608,39.704,99.833,215.671,252.491,242.479,265.056,319.537,316.188,302.166,267.864,293.699,299.982,320.046,337.501,360.659,405.629,470.683,536.151,627.78,741.855,734.655,781.912,877.635,951.077,1013.438,1093.799,1165.06,1270.976,1385.927,1504.264,1620.642,1730.884,1848.245,1975.815,2113.673,2259.782
Cameroon,928.577,1022.233,953.543,935.494,962.85,979.483,1242.483,1399.288,1380.513,1194.707,1159.858,1254.628,1115.886,1130.159,746.71,688.963,746.867,734.603,713.686,707.439,630.698,649.524,705.615,862.274,1004.871,1007.39,1056.318,1187.888,1367.901,1309.59,1282.369,1402.976,1357.149,1471.207,1552.473,1338.603,1377.851,1441.546,1555.67,1514.599,1553.753,1623.263,1700.81,1786.674,1882.44
Canada,11280.199,12396.565,12543.777,13493.038,13947.177,14185.723,14539.529,16407.882,19040.909,20842.082,21571.703,21885.196,20984.398,20210.127,20024.253,20706.053,21324.971,21929.784,21046.287,22340.265,24296.458,23859.505,24279.044,28338.565,32176.401,36439.158,40558.03,44717.014,46773.865,40990.625,47627.317,52285.937,52744.033,52708.61,51020.69,43626.426,42439.65,45217.026,46290.217,46212.842,47931.46,50066.62,52269.463,54608.457,57071.597
Central African Republic,313.369,316.495,298.747,279.719,265.441,340.227,431.342,465.181,490.939,474.879,539.656,502.896,489.786,418.922,268.106,340.988,298.443,285.804,296.103,290.99,238.505,242.794,260.865,310.302,336.409,356.688,381.315,427.313,485.807,482.648,492.078,548.966,555.404,366.867,403.23,353.807,373.3,415.652,448.74,447.992,471.938,503.055,535.352,568.548,604.346
Chad,167.345,193.153,182.076,177.734,186.265,196.954,236.6,261.657,298.418,274.973,323.311,312.824,318.428,271.777,215.007,248.074,269.041,252.174,277.79,238.555,210.22,252.59,287.299,360.742,567.507,738.892,804.525,915.121,1071.952,933.99,1046.815,1162.727,1155.552,1180.355,1241,946.877,860.51,827.149,884.815,861.246,909.686,967.144,1030.197,1069.837,1122.363
Chile,2579.93,3004.742,2204.389,1762.224,1687.029,1424.37,1504.439,1743.889,2021.055,2289.459,2503.878,2829.749,3368.289,3547.034,4030.083,5117.721,5349.607,5743.645,5446.61,4952.689,5071.555,4572.852,4443.656,4770.309,6192.907,7600.083,9473.008,10507.892,10749.238,10219.737,12793.547,14610.754,15307.772,15804.342,14643.86,13572.072,13775.841,15075.25,15901.725,15399.235,15854.652,16619.151,17437.823,18290.364,19172.782
"China, People's Republic of",309.354,290.617,282.054,298.692,303.408,295.336,282.158,302.199,371.015,409.094,348.651,358.826,423.032,525.708,472.65,608.375,708.58,780.854,827.641,872.226,958.566,1053.129,1150.227,1293.124,1512.635,1765.732,2110.563,2703.003,3467.03,3837.903,4524.055,5582.887,6329.464,7080.828,7701.691,8166.756,8115.828,8677.403,9580.239,10098.865,10872.504,11773.098,12718.794,13723.667,14811.794
Colombia,1629.103,1736.157,1819.311,1769.971,1711.861,1572.198,1542.364,1572.581,1660.557,1640.398,1637.508,1658.076,1923.581,2139.184,2640.392,2939.111,3037.641,3291.59,2992.939,2588.925,2455.117,2383.319,2347.513,2240.214,2737.586,3384.616,3717.538,4684.011,5444.823,5170.526,6285.198,7264.109,7950.369,8103.474,7998.833,6088.678,5799.615,6325.486,6641.507,6508.127,6744.007,7053.528,7381.726,7729.015,8096.644
Comoros,684.569,584.519,541.617,513.524,490.137,482.697,629.744,741.276,772.133,731.08,868.945,895.707,955.474,916.695,660.355,806.805,789.145,714.272,701.452,703.067,628.071,675.05,757.399,949.68,1055.357,1085.659,1110.984,1251.857,1403.796,1351.145,1322.638,1450.159,1403.417,1500.731,1505.178,1259.834,1274.441,1304.769,1391.383,1349.794,1392.938,1445.068,1494.867,1546.659,1602.218
"Congo, Dem. Rep. of the",2607.244,2197.24,2312.736,1805.781,1166.488,1032.032,1120.941,1027.354,1152.288,1135.105,1138.475,1070.239,935.229,1182.365,621.048,584.269,731.024,642.729,461.123,410.453,397.025,146.542,165.772,160.842,171.721,189.034,218.022,245.818,280.395,257.769,288.015,334.393,368.393,398.627,425.329,435.979,409.046,407.705,495.635,500.554,511.604,520.923,534.258,550.676,565.022
"Congo, Republic of ",1311.065,1042.618,881.785,777.733,693.686,690.061,915.602,1079.073,1113.618,1107.124,1260.674,1191.066,1250.849,1116.788,718.177,837.921,981.466,875.412,716.86,845.612,1126.961,954.134,1006.064,1138.457,1475.973,1884.795,2335.518,2192.487,2934.697,2624.967,3363.891,3951.721,3556.023,3561.106,3492.504,2067.086,1835.811,2054.526,2617.516,2534.492,2464.874,2391.237,2280.663,2239.223,2244.353
Costa Rica,2100.757,1107.138,1067.872,1252.589,1415.777,1472.762,1605.216,1606.451,1591.981,1756.797,1873.621,2318.478,2688.046,2927.069,3105.446,3327.394,3265.484,3437.063,3638.579,3703.132,3927.591,4029.576,4108.17,4213.892,4470.856,4743.154,5295.906,6187.386,7003.463,6897.244,8264.202,9260.859,10054.526,10632.948,10679.134,11422.598,11779.244,11810.183,12039.107,12014.795,12690.589,13214.903,13758.789,14331.697,14946.577
Croatia,no data,no data,no data,no data,no data,no data,no data,no data,no data,no data,no data,no data,2589.343,2804.481,3834.654,5027.779,5251.656,5243.58,5631.165,5132.691,4970.211,5409.891,6241.222,8051.027,9354.099,10208.612,11348.389,13550.444,15892.036,14159.41,13550.438,14575.897,13249.445,13664.967,13610.802,11779.008,12367.801,13382.057,14870.418,14949.759,15645.775,16605.595,17297.839,18317.615,19372.273
Cyprus,4549.59,4352.502,4452.666,4399.223,4575.652,4824.674,6057.903,7188.216,8204.3,8635.765,10359.998,10413.726,12158.597,11342.407,12525.318,15396.919,15260.362,14323.919,15181.803,15379.835,14464.816,14905.024,16188.394,20389.495,23969.991,25527.08,27448.569,31774.607,36003.309,32646.768,31260.142,32699.809,29066.917,27825.178,27273.654,23248.198,24119.715,25957.848,28341.046,27719.69,28626.567,30014.184,31383.733,32713.445,34190.398
Czech Republic,no data,no data,no data,no data,no data,no data,no data,no data,no data,no data,no data,no data,no data,no data,no data,5784.097,6490.091,5993.003,6453.428,6304.157,5997.685,6599.308,8028.361,9777.814,11687.92,13362.343,15206.395,18434.536,22819.462,19787.766,19831.401,21736.836,19739.899,19912.51,19768.84,17728.702,18485.235,20409.984,23112.593,23213.954,24569.058,25881.829,27205.524,28569.078,30070.296
Côte d'Ivoire,1256.063,1017.796,879.167,754.947,732.212,719.026,926.032,980.695,981.953,903.102,960.018,897.075,917.389,826.888,604.249,776.945,833.759,784.715,822.892,787.07,664.259,676.153,726.988,878.415,925.951,931.407,945.846,1053.562,1222.774,1194.375,1193.214,1199.676,1220.329,1388.016,1528.191,1397.297,1450.918,1527.828,1680.967,1691.31,1793.699,1919.649,2045.782,2160.532,2280.76
Denmark,13886.37,12076.174,11801.273,11852.891,11561.767,12259.279,17215.426,21349.948,22528.114,21913.155,26920.581,27052.653,29622.474,27640.496,30050.878,35471.255,35732.689,32897.57,33426.974,33492.354,30798.717,30806.607,33275.556,40512.045,46571.283,48872.095,52121.249,58641.193,64531.119,58286.537,58177.162,61864.093,58623.414,61325.575,62729.499,53478.495,54665.215,57380.204,60897.231,59795.269,61732.569,64106.781,66656.961,69413.32,72325.944
Djibouti,no data,no data,no data,no data,no data,no data,no data,no data,no data,no data,1311.374,1304.123,1311.499,1243.727,1276.414,1256.887,1213.516,1201.183,1195.412,1222.445,1222.757,1235.658,1240.878,1270.621,1312.143,1358.029,1433.162,1536.891,1734.616,1741.295,1833.846,2011.154,2137.598,2235.73,2359.42,2532.597,2638.002,2711.461,2786.794,2936.213,3088.165,3247.981,3416.067,3592.851,3778.785
Dominica,no data,1112.642,1217.573,1346.688,1495.272,1642.752,1864.889,2102.964,2377.904,2582.185,2819.552,3087.299,3287.848,3448.673,3713.105,3855.291,4104.42,4254.367,4526.684,4657.561,4681.178,4775.344,4680.264,4825.77,5165.218,5127.438,5497.251,5939.91,6463.44,6903.996,6975.991,7082.731,6870.298,7096.217,7402.795,7645.438,8135.091,7401.087,7541.634,8380.983,8948.648,9497.367,10033.048,10447.32,10814.363
Dominican Republic,1534.317,1677.447,1545.099,1562.13,2397.598,1022.611,1212.354,1245.272,1113.835,1230.744,1123.244,1365.232,1573.686,1741.669,1916.439,2141.061,2309.916,2495.032,2658.543,2674.828,2894.303,3007.381,3158.393,2460.554,2540.849,4008.356,4188.715,4803.473,5194.799,5151.172,5688.751,6063.35,6274.865,6413.934,6805.662,7139.507,7521.268,7874.941,8340.961,8629.254,9194.687,9797.191,10408.288,11059.395,11739.561
Ecuador,2097.141,2087.382,2026.375,1732.499,1794.733,2044.313,1461.92,1332.147,1234.671,1182.529,1173.126,1286.617,1375.712,1572.842,1858.323,1980.373,2037.13,2253.233,2257.861,1598.768,1461.838,1909.424,2180.386,2434.977,2700.118,3025.012,3351.476,3588.311,4267.473,4241.938,4633.247,5192.875,5664.886,6030.502,6347,6099.351,6046.302,6216.606,6367.589,6249.392,6250.124,6345.863,6502.375,6644.171,6783.285
Egypt,580.042,617.659,711.351,846.388,925.97,1049.33,1132.456,1585.217,1858.029,2266.442,1870.847,923.843,825.448,906.804,978.537,1111.782,1221.885,1342.925,1469.317,1532.889,1642.629,1569.035,1356.683,1254.101,1195.373,1330.459,1563.479,1861.052,2270.356,2578.046,2921.757,3077.343,3383.113,3400.321,3524.418,3731.177,3686.07,2495.02,2573.288,3046.594,3478.113,3626.624,3740.957,3863.8,4042.323
El Salvador,830.321,723.863,709.196,675.089,490.653,473.306,471.735,473.953,545.548,613.809,917.627,985.43,1076.555,1221.256,1386.17,1590.365,1690.71,1783.893,1892.157,1935.54,2007.654,2078.263,2132.019,2218.407,2287.468,2437.479,2634.332,2790.006,2938.711,2860.537,2978.756,3251.084,3400.182,3466.381,3529.547,3628.059,3704.235,3787.329,3922.255,4008.024,4126.151,4250.391,4375.302,4521.315,4667.913
Equatorial Guinea,123.403,109.806,121.292,126.408,130.117,205.657,241.443,284.263,296.908,253.241,312.102,299.071,351.662,343.493,245.881,333.846,527.121,965.017,777.254,1250.993,1881.301,2614.2,3093.251,5419.704,8209.468,10806.146,12732.027,15761.84,22742.384,16530.21,17136.445,21451.886,21557.65,20246.992,19245.653,11213.474,9196.29,9692.34,10453.129,8927.437,8273.827,7798.984,7405.697,7206.859,7058.914
Eritrea,no data,no data,no data,no data,no data,no data,no data,no data,no data,no data,no data,no data,176.714,109.333,126.523,139.829,165.208,165.743,170.07,161.545,141.351,146.015,137.365,159.181,197.145,189.881,203.747,215.907,190.327,260.819,311.985,395.773,422.28,358.537,466.618,352.323,380.485,323.508,331.862,342.6,349.788,364.929,392.446,412.806,434.657
Estonia,no data,no data,no data,no data,no data,no data,no data,no data,no data,no data,no data,no data,no data,1192.824,1709.316,2717.896,3375.816,3682.085,4090.216,4155.125,4090.313,4519.541,5361.678,7218.914,8922.069,10420.438,12649.229,16762.289,18295.531,14839.884,14818.438,17644.035,17544.541,19179.836,20387.086,17531.057,18244.651,20381.011,23330.275,23523.596,24802.77,26468.049,28155.783,29886.742,31776.204
Eswatini,1353.87,1390.764,1208.985,1207.844,999.523,762.131,936.249,1172.28,1332.878,1306.668,1552.212,1567.762,1699.814,1750.159,1859.518,2171.72,2012.452,2105.168,1914.241,1861.496,1818.67,1599.207,1473.717,2235.678,2797.022,3174.588,3262.223,3402.163,3214.488,3479.71,4263.91,4603.196,4628.251,4326.001,4133.025,3779.595,3536.599,4072.023,4267.107,4176.746,4244.991,4323.046,4462.833,4620.463,4782.512
Ethiopia,215.178,215.599,220.557,237.661,217.423,246.507,247.981,256.699,257.56,262.233,269.082,287.651,293.35,176.465,151.965,152.658,155.121,152.171,134.226,128.213,129.678,125.722,116.789,120.873,138.553,165.218,198.344,249.209,334.145,397.808,360.829,379.381,493.321,535.264,613.101,702.767,777.294,817.49,852.883,953.179,1066.199,1161.574,1248.69,1328.184,1411.769
Fiji,2056.073,2062.163,1941.771,1781.084,1828.856,1744.388,1954.085,1776.896,1672.492,1747.117,1959.194,2012.454,2208.958,2339.817,2590.933,2775.116,2975.914,2905.473,2282.246,2656.26,2286.992,2238.518,2467.631,3079.88,3601.938,3943.455,4041.677,4405.521,4536.36,3678.442,4005.092,4790.871,5017.717,5268.417,5611.172,5362.557,5614.406,6071.667,6208.257,6379.707,6737.433,7129.033,7543.394,7989.581,8453.961
Finland,11257.795,10990.447,11036.936,10545.058,10889.934,11488.754,14998.341,18632.076,22122.56,24040.639,28505.543,25665.172,22514.811,17669.829,20433.664,26349.385,25827.21,24744.561,26054.154,26243.244,24347.441,24968.163,26972.43,32922.821,37749.147,39075.904,41241.008,48463.444,53744.205,47353.93,46388.407,50971.265,47554.459,49765.437,50087.91,42576.49,43574.35,45948.217,49737.554,48868.742,50774.198,52865.727,55016.979,57145.118,59480.218
France,13069.505,11456.04,10822.037,10292.761,9697.432,10108.561,13947.316,16793.955,18240.997,18236.767,22490.289,22406.387,24590.746,23082.715,24262.184,27741.294,27720.861,25028.466,25818.37,25550.782,23212.45,23245.258,25137.402,30682.636,35016.219,36057.117,37795.916,43060.031,47155.211,43190.972,42178.577,45419.973,42372.071,44144.617,44616.455,37937.861,38348.507,40108.915,42953.266,41760.606,42643.949,44132.785,45657.022,47204.929,48913.369
Gabon,6093.615,5376.616,4930.527,4619.015,4346.388,4478.468,5735.355,4245.955,4581.144,4899.234,6815.634,5993.32,6015.511,5677.618,4293.942,4956.842,5552.917,5068.093,4161.617,4222.734,4477.321,4065.933,4210.284,5015.596,5837.617,6942.698,7271.093,8652.145,10418.276,7856.853,8933.306,10893.464,9903.41,9760.747,9746.786,7453.114,7082.218,7370.199,8220.397,8112.32,8361.041,8695.659,9096.933,9551.608,10138.147
"Gambia, The",1007.791,907.551,827.984,800.7,552.842,645.904,484.263,623.605,695.347,701.786,790.827,801.579,830.589,840.415,804.334,815.289,826.192,818.814,815.332,811.257,766.199,737.063,631.566,581.319,642.755,665.721,662.362,780.379,924.514,833.282,860.639,762.761,742.78,700.515,607.429,649.511,683.998,676.656,712.512,755.046,795.704,826.666,859.43,887.082,912.803
Georgia,no data,no data,no data,no data,no data,no data,no data,no data,no data,no data,no data,no data,no data,no data,167.791,402.195,669.835,796.051,840.862,668.265,742.658,797.114,850.804,1006.45,1301.716,1636.703,1992.091,2626.832,3325.488,2811.925,3062.853,3825.156,4237.928,4340.711,4441.774,3759.598,3856.067,4046.89,4346.147,4289.322,4626.405,5034.789,5462.651,5858.927,6277.161
Germany,11109.741,9329.591,9014.978,9025.206,8537.765,8678.853,12387.01,15411.529,16514.654,16232.121,20249.138,23453.063,26538.043,25602.802,27233.549,31829.512,30664.299,27170.83,27528.158,26984.243,23924.729,23869.773,25460.334,30668.849,34534.602,35020.197,36894.468,42299.862,46367.859,42338.713,42379.578,46697.376,43883.257,46299.084,48035.802,41159.938,42115.596,44333.806,47662.493,46563.989,47992.322,50149.308,52164.595,54248.578,56527.748
Ghana,3570.67,5637.601,6416.766,4218.387,1409.55,1223.252,1106.498,906.973,941.727,935.957,1056.152,1154.351,1114.474,883.34,792.675,914.587,948.53,945.088,1001.88,1011.726,606.32,630.327,714.156,858.791,970.464,1147.602,1315.805,1516.054,1677.368,1462.796,1745.539,2123.648,2184.39,2389.773,1962.658,1753.851,1941.46,2037.953,2216.838,2223.423,2266.413,2385.775,2472.873,2574.195,2681.524
Greece,5948.312,5422.695,5623.925,5050.595,4895.517,4832.492,5670.974,6577.878,7632.639,7879.212,9679.318,10282.862,11234.158,10451.746,11122.873,12997.524,13776.698,13484.135,13526.691,13901.672,12268.253,12577.02,14171.836,18530.221,22007.85,22624.066,24857.207,28899.948,32198.014,29819.229,26972.873,25896.934,22171.911,21805.257,21726.89,18114.716,18110.873,18897.637,20317.18,19974.374,20845.315,21739.018,22607.116,23429.54,24335.708
Grenada,1246.003,1276.906,1347.451,1373.168,1478.411,1678.863,1873.217,2163.51,2410.287,2759.682,2888.348,3118.149,3191.017,3151.541,3270.578,3413.022,3640.139,3878.391,4401.422,4751.576,5117.591,5109.962,5292.234,5773.075,5836.177,6754.514,6766.481,7324.206,7947.444,7395.05,7365.657,7410.475,7583.181,7956.062,8569.917,9333.266,9892.569,10439.928,10939.291,11381.378,11848.121,12349.248,12947.075,13574.83,14203.419
Guatemala,1014.948,1081.263,1067.959,1081.019,1102.926,1269.503,669.266,755.753,798.248,897.807,767.058,916.058,991.381,1052.61,1165.427,1279.143,1335.423,1479.006,1570.72,1448.276,1475.207,1568.379,1701.769,1753.339,1872.738,2077.835,2256.559,2489.954,2794.24,2635.744,2825.507,3187.836,3299.603,3452.83,3687.749,3923.561,4140.717,4469.456,4545.085,4616.853,4807.546,5047.63,5279.749,5525.899,5872.654
Guinea,no data,no data,no data,no data,no data,no data,no data,no data,no data,no data,616.328,660.444,678.626,639.332,626.432,655.749,656.708,628.192,591.511,557.831,461.784,427.879,444.663,517.03,538.88,470.57,426.419,628.711,675.387,637.478,631.291,540.562,637.791,712.982,729.798,712.047,679.947,794.6,910.063,981.016,1030.708,1087.278,1138.484,1188.818,1241.661
Guinea-Bissau,218.699,273.941,305.168,337.149,229.638,330.465,316.017,262.605,239.877,282.621,337.82,465.072,498.383,376.258,414.591,428.799,399.43,371.27,329.053,347.752,304.679,311.973,329.097,375.224,409.263,442.427,436.726,502.822,612.615,572.184,582.498,736.846,649.04,671.127,662.383,643.916,708.391,793.768,822.005,786.292,830.209,876.874,928.053,984.471,1046.65
Guyana,731.337,700.795,600.588,611.657,571.511,613.492,699.377,651.957,836.085,849.276,700.563,749.247,831.952,1014.879,1194.662,1361.457,1534.002,1620.923,1537.31,1492.182,1515.388,1515.528,1560.63,1605.179,1686.735,1767.39,1960.284,2333.857,2570.324,2697.151,3000.383,3408.191,3775.148,3925.996,4028.331,4168.479,4531.241,4635.611,4984.099,5252.047,10249.383,10990.134,13501.739,17635.827,19404.505
Haiti,260.453,281.633,287.754,303.4,330.237,360.211,393.132,190.252,123.631,112.003,139.691,123.002,72.415,85.493,230.976,359.584,364.247,411.182,450.319,493.549,462.251,410.673,393.362,332.428,387.978,465.468,504.756,615.793,674.925,668.332,661.853,740.934,766.861,810.414,830.033,814.456,735.213,765.598,868.763,784.08,765.413,788.389,811.877,835.235,859.563
Honduras,955.245,1017.061,1015.87,1044.197,1092.448,1161.912,1180.452,1249.579,1351.365,1467.024,841.245,822.636,890.906,887.891,845.179,948.431,889.059,951.362,1028.088,1009.365,1088.783,1130.406,1132.872,1157.306,1217.655,1311.741,1437.626,1592.571,1751.597,1802.875,1919.472,2113.277,2178.415,2136.742,2242.712,2341.277,2382.608,2491.474,2523.8,2548.458,2593.926,2655.026,2729.426,2811.14,2900.352
Hong Kong SAR,5664.005,5953.184,6096.008,5551.001,6127.277,6444.906,7328.419,8980.83,10453.711,11928.483,13280.622,15190.414,17586.418,19925.115,22038.531,22908.926,24698.956,27214.595,25649.085,24969.005,25574.491,25166.902,24731.081,23856.482,24873.898,26551.769,28028.157,30494.551,31487.94,30593.991,32422.056,34951.031,36619.811,38230.066,40182.28,42321.712,43496.299,46096.479,48450.607,49334.347,50460.39,52407.802,54571.088,56922.353,59506.474
Hungary,2151.154,2206.805,2249.656,2046.101,1989.614,2022.666,2338.458,2582.471,2838.147,2909.278,3311.854,3349.754,3732.903,3870.507,4169.964,4490.561,4520.861,4590.835,4744.21,4795.711,4628.314,5276.6,6655.221,8413.014,10286.309,11193.837,11441.421,13893.381,15729.058,13019.039,13073.96,14097.944,12873.202,13646.269,14182.698,12487.225,12822.512,14272.746,16484.19,17463.284,18535.147,19781.27,20775.318,21859.122,22997.511
Iceland,15133.103,15454.708,14008.881,11865.27,12139.43,12517.151,16585.858,22795.638,24840.125,22646.588,25651.419,27183.019,27383.229,23749.384,24142.695,26711.55,27914.45,28090.812,31184.566,32539.786,32265.459,28957.269,32433.603,39567.447,47612.444,57267.863,57408.956,69928.197,56759.305,41220.967,43080.596,47600.734,46073.943,49815.679,54527.563,52838.356,62004.698,72283.286,74515.472,67037.34,66601.877,66799.307,67088.523,68212.938,69699.219
India,276.35,280.764,284.468,303.761,288.563,311.426,324.248,356.246,368.341,361.454,385.378,318.104,332.497,315.42,362.366,391.249,418.63,434.709,432.225,462.218,462.978,471.701,491.989,571.555,656.517,747.335,837.46,1076.835,1048.735,1153.188,1422.929,1497.746,1481.562,1485.595,1610.355,1639.69,1761.626,2014.013,2037.692,2171.643,2338.115,2529.343,2737.149,2965.506,3209.673
Indonesia,673.239,736.992,741.946,659.474,672.201,658.217,610.234,562.902,621.934,696.874,770.757,847.573,907.767,1013.057,1115.613,1254.023,1394.497,1308.114,572.09,829.574,870.154,834.139,1002.907,1186.845,1280.696,1403.876,1764.79,2064.232,2418.043,2464.956,3178.133,3688.531,3744.53,3684,3533.606,3367.691,3605.721,3884.718,3870.562,4163.755,4464.572,4755.703,5042.548,5346.098,5666.801
Iran,2380.477,2484.973,3007.012,3537.949,3495.221,3776.613,4222.513,5465.15,6137.679,7128.938,10556.089,5417.511,872.336,1131.193,1412.712,1954.868,2620.047,3041.22,3364.215,4387.747,5698.409,5119.721,1957.433,2272.5,2734.027,3288.366,3834.729,4929.064,5621.054,5608.976,6504.869,7680.859,5118.474,5152.037,5395.791,4723.476,5026.648,5289.795,5416.525,5506.229,5503.083,5604.661,5785.159,6062.618,6552.325
Iraq,no data,no data,no data,no data,no data,no data,no data,no data,no data,no data,no data,no data,no data,no data,no data,no data,no data,no data,no data,no data,no data,no data,no data,608.655,1373.738,1828.738,2321.258,3090.851,4472.118,3701.862,4473.71,5848.537,6692.576,7021.406,6704.313,5047.118,4842.546,5263.209,5881.517,5738.449,5799.425,5891.456,6031.312,6187.37,6370.533
Ireland,6250.062,5884.348,6076.058,5837.828,5589.891,5932.512,7990.407,9416.274,10361.727,10750.925,13640.108,13743.478,15326.633,14257.904,15450.05,19080.248,20774.261,22460.9,24171.271,26190.456,26156.577,28084.4,32470.373,40933.105,47353.779,50442.102,53765.863,60810.756,61143.036,52114.141,48708.634,51834.311,48848.48,51461.983,55390.222,61791.03,62938.224,69462.898,78334.865,77771.205,80264.835,83899.176,87714.561,91529.491,95678.404
Israel,6074.51,6390.571,6728.222,7347.643,6867.309,6271.234,7602.204,8934.32,10886.15,10888.824,12457.359,13306.312,14354.758,14055.775,15641.496,18088.167,19334.859,19682.853,19416.227,19127.555,21038.051,20302.391,18433.046,18963.273,19885.354,20559.211,21836.337,24907.918,29557.068,27726.359,30670.34,33713.121,32524.753,36325.04,37695.563,35791.221,37332.944,40558.533,41728.191,42823.307,44474.065,46033.387,47685.679,49477.744,51318.091
Italy,8560.633,7750.799,7653.955,7937.298,7841.815,8094.688,11462.724,14387.755,15936.292,16562.867,20654.537,21798.596,23119.691,18575.43,19152.126,20607.138,23032.907,21808.664,22282.156,21968.814,20116.608,20423.421,22310.073,27495.043,31250.425,31936.387,33341.607,37685.466,40658.138,36862.393,35655.106,38011.624,34470.42,35219.329,35456.715,30153.431,30823.988,32195.433,34320.754,32946.524,33431.25,34439.778,35442.54,36465.684,37611.567
Jamaica,1214.379,1310.503,1479.509,1289.23,948,878.359,1034.771,1158.596,1372.734,1588.557,1971.695,1799.773,1804.411,2280.661,2266.075,2657.668,2975.134,3347.367,3467.544,3473.435,3510.575,3529.711,3700.053,3562.456,3816.905,4187.91,4430.505,4756.273,5054.564,4435.269,4812.255,5232.302,5332.494,5104.904,4953.222,5029.073,4986.453,5193.489,5406.366,5460.984,5698.628,5877.319,6095.839,6337.75,6602.792
Japan,9466.402,10363.516,9577.94,10424.374,10981.923,11580.2,17118.391,20755.509,25065.131,24830.994,25379.595,28923.312,31429.621,35698.906,39219.812,43441.33,38450.955,35034.538,31915.735,36039.077,38535.586,33850.883,32300.666,34831.196,37696.723,37223.77,35463.873,35342.476,39453.494,41014.185,44673.608,48168.804,48632.903,40490.155,38156.33,34568.925,38804.858,38342.735,39303.958,40846.777,43043.422,44637.427,46453.574,48460.64,50637
Jordan,1645.769,1783.024,1829.808,1845.105,1788.172,1726.937,2126.684,2158.264,1944.317,1252.55,1168.512,1157.624,1353.052,1320.375,1409.786,1454.165,1468.995,1499.555,1605.609,1624.979,1657.911,1728.164,1812.292,1889.218,2061.461,2203.088,2537.302,2762.815,3384.153,3492.099,3679.19,3826.552,3930.945,4054.771,4129.994,4145.481,4151.16,4201.656,4270.172,4386.605,4541.55,4724.432,4937.459,5178.6,5433.592
Kazakhstan,no data,no data,no data,no data,no data,no data,no data,no data,no data,no data,no data,no data,168.645,304.849,751.98,1061.475,1358.804,1459.418,1480.094,1132.124,1230.491,1491.653,1657.155,2062.289,2862.502,3753.441,5261.026,6733.45,8349.287,7116.371,9005.039,11552.574,12300.184,13789.172,12713.564,10435.17,7662.006,8970.88,9401.205,9139.109,9672.002,10291.499,11007.941,12048.584,12992.77
Kenya,641.654,582.63,541.284,484.062,485.688,467.396,536.791,569.04,570.524,546.95,552.681,506.802,484.699,326.994,380.183,468.002,516.168,507.78,564.736,500.113,479.303,479.603,473.995,524.743,549.163,621.283,743.439,895.226,978.454,982.003,1038.953,1054.979,1238.875,1318.788,1431.319,1453.296,1522.285,1683.946,1830.588,1997.549,2151.504,2294.238,2454.603,2632.602,2814.865
Kiribati,720.463,739.991,656.088,630.233,675.191,500.804,479.561,530.358,652.243,630.112,594.756,645.746,646.914,623.58,716.416,721.087,847.061,839.086,805.03,832.622,802.478,732.872,824.831,1016.381,1128.371,1212.132,1166.435,1376.275,1456.908,1332.071,1518.57,1741.139,1798.255,1731.38,1655.862,1556.496,1598.885,1641.565,1640.677,1574.695,1614.096,1658.454,1703.724,1752.855,1807.164
"Korea, Republic of",1761.075,1932.459,2043.312,2252.918,2470.084,2538.938,2896.457,3627.607,4841.779,5927.473,6732.678,7773.299,8267.269,9031.23,10544.806,12742.515,13574.173,12534.794,8353.862,10755.059,12257.019,11561.207,13165.083,14672.808,16496.134,19402.503,21743.477,24086.411,21350.43,19138.383,23087.226,25096.263,25466.758,27182.736,29249.576,28732.233,29296.047,31577.347,33319.988,31430.598,31246.041,32565.534,34107.06,35754.694,37576.368
Kosovo,no data,no data,no data,no data,no data,no data,no data,no data,no data,no data,no data,no data,no data,no data,no data,no data,no data,no data,no data,no data,1421.34,1704.514,1781.057,2178.609,2220.737,2264.209,2340.247,2792.69,3320.602,3244.921,3290.463,3764.217,3582.014,3885.729,4098.923,3637.435,3766.222,4027.266,4432.559,4442.363,4649.327,4944.81,5261.461,5592.005,5961.589
Kuwait,20966.177,17631.854,14417.541,12973.988,13410.421,12670.687,9653.473,10956.483,9640.407,11359.505,8588.145,7960.513,13989.932,16213.488,13549.775,13871.989,15068.13,13740.681,11424.919,13358.134,17012.776,15108.112,15759.074,18786.749,21585.563,27014.773,31907.199,33732.522,42827.126,30414.739,32216.413,41657.444,45726.188,44754.341,40278.045,27398.083,25267.146,26863.331,30969.438,29266.981,28882.721,28874.951,29109.219,29585.761,30257.042
Kyrgyz Republic,no data,no data,no data,no data,no data,no data,no data,no data,no data,no data,no data,no data,207.976,148.155,245.851,329.934,396.495,379.056,344.404,258.467,280.635,309.913,323.343,382.888,436.496,478.77,546.621,725.487,971.678,876.933,884.846,1131.471,1189.517,1295.225,1292.621,1132.843,1131.841,1254.51,1293.461,1292.977,1337.268,1385.178,1445.561,1492.421,1539.102
Lao P.D.R.,596.195,341.872,334.404,596.411,831.389,1017.412,691.925,473.878,300.081,360.325,414.26,474.15,528.182,578.466,654.368,741.536,753.989,696.053,259.296,270.225,323.04,324.75,335.686,405.111,467.758,530.059,669.723,800.103,983.764,1045.888,1200.87,1412.035,1581.897,1830.51,1997.986,2130.628,2324.937,2454.874,2565.984,2670.205,2919.074,3131.702,3357.821,3599.166,3856.492
Latvia,no data,no data,no data,no data,no data,no data,no data,no data,no data,no data,no data,no data,632.908,1022.24,1724.98,2163.462,2417.455,2669.569,2965.155,3140.33,3334.323,3548.505,4116.125,5111.495,6315.403,7533.788,9635.172,14010.237,16316.827,12131.328,11223.022,13735.616,13762.164,14951.88,15680.89,13587.687,14071.74,15654.432,18032.617,18171.651,19104.841,20359.185,21625.019,22913.647,24321.46
Lebanon,1575.556,1517.329,1038.758,1431.393,1692.11,1397.479,1073.331,1242.792,1235.084,1002.248,1035.462,1594.75,1937.9,2561.286,3019.671,3614.217,4173.208,5019.859,5474.552,5436.75,5256.615,5163.658,5343.647,5260.892,5473.481,5390.208,5434.252,6086.795,7109.513,8480.989,8858.284,8734.189,8996.561,8882.804,8619.257,8540.387,8530.362,8778.472,9251.207,9654.805,10042.777,10598.524,11254.034,12037.096,12830.131
Lesotho,366.604,362.633,294.238,315.39,287.56,224.453,251.604,313.97,346.852,350.492,411.213,460.132,513.336,500.558,517.009,552.965,527.61,555.911,511.821,501.76,487.528,403.301,441.119,637.051,794.361,851.046,870.724,1001.122,922.427,1082.998,1309.59,1431.874,1358.874,1273.884,1330.37,1166.543,1207.208,1324.834,1333.428,1338.522,1357.777,1424.872,1505.419,1551.568,1598.287
Liberia,no data,no data,no data,no data,no data,no data,no data,no data,no data,no data,no data,no data,no data,no data,no data,no data,no data,no data,no data,no data,329.508,329.222,329.274,260.968,307.058,316.487,360.524,424.942,512.351,504.518,550.36,640.709,707.708,777.479,777.021,764.411,772.393,754.663,727.8,703.826,688.281,681.558,699.714,694.964,719.202
Libya,13031.83,10762.563,10247.108,9371.005,8411.48,8319.667,6524.775,5815.611,5795.806,5881.526,7193.535,7776.953,7703.526,6780.858,6192.591,6882.208,7372.447,7424.949,5980.039,7067.876,7388.136,6485.16,3833.574,4831.424,5988.392,8467.716,9659.637,11711.138,12570.871,8524.772,11417.422,5402.251,12693.637,8282.151,3876.411,2719.954,2903.741,4738.592,6287.652,5019.581,5129.186,5216.502,5373.264,5565.271,5781.451
Lithuania,no data,no data,no data,no data,no data,no data,no data,no data,no data,no data,no data,no data,no data,no data,no data,1845.673,2328.215,2830.751,3166.964,3113.638,3297.451,3530.201,4146.106,5505.586,6706.027,7868.552,9246.551,12318.372,15034.241,11864.818,12006.36,14374.021,14349.443,15698.48,16571.429,14299.103,14988.574,16845.325,18994.384,19266.788,20354.997,21708.616,23066.814,24437.919,25936.956
Luxembourg,17738.531,15251.808,12514.668,12284.381,12032.97,12444.143,18022.939,22239.519,24976.565,26333.472,33201.25,35490.115,39219.739,39643.49,43482.858,50911.117,49920.89,44382.169,45821.99,49541.716,49183.213,48498.772,53399.666,66061.086,76343.821,81048.34,90499.207,107014.412,115898.454,104393.176,106177.041,117366.282,108050.229,114996.475,120449.499,101665.022,102360.222,105725.448,115536.206,113196.487,116727.211,120536.833,124467.08,128454.284,132701.612
Macao SAR,no data,no data,no data,no data,no data,no data,no data,no data,no data,no data,no data,no data,no data,no data,no data,no data,no data,no data,no data,no data,no data,15611.341,16622.642,18346.564,22881.103,24969.752,28805.634,34084.156,38086.666,39615.339,50921.113,65867.576,73937.747,84859.859,86997.503,70132.996,70278.052,77414.524,81728.228,81151.929,80065.2,79926.001,80625.73,81457.035,82582.301
Madagascar,462.133,400.155,382.414,371.103,302.587,286.317,317.449,242.877,224.537,222.92,266.876,225.006,244.673,266.592,228.295,234.888,287.765,247.437,252.756,243.816,246.283,278.987,262.742,317.421,245.67,275.516,292.991,379.066,472.38,417.177,414.145,456.329,444.958,462.46,452.81,400.348,406.411,447.569,459.257,463.869,490.906,517.049,542.152,568.86,597.009
Malawi,326.983,318.032,295.582,298.052,284.324,254.768,251.755,232.783,251.93,272.96,298.716,371.869,300.049,343.226,197.546,227.197,363.682,414.359,264.97,261.557,250.462,240.396,272.824,245.144,259.727,267.785,284.729,306.9,358.416,405.62,442.765,493.843,359.588,317.471,343.979,353.507,294.755,325.01,349.938,370.747,385.677,397.619,412.6,429.866,448.037
Malaysia,1926.963,1920.127,2006.482,2189.553,2419.501,2154.458,1864.031,2070.009,2213.866,2380.512,2585.824,2885.306,3378.721,3716.952,4027.509,4678.024,5175.556,5011.56,3519.766,3762.769,4347.73,4189.057,4441.847,4740.316,5244.874,5678.597,6353.414,7483.409,8769.395,7545.112,9047.202,10398.236,10806.84,10851.664,11165.259,9663.111,9523.295,9960.323,11072.387,11136.812,11484.505,12172.162,12875.417,13629.33,14468.317
Maldives,412.508,464.914,534.906,560.243,646.388,737.78,835.636,769.824,897.934,987.814,1091.55,1184.664,1343.012,1479.446,1591.14,1903.127,2107.605,2553.949,2658.803,2842.658,2967.253,2780.451,2952.215,3690.792,4238.041,3960.43,5268.781,6128.46,7337.931,7450.777,8086.665,8078.262,8719.534,9766.148,10787.471,11781.094,12447.185,13510.169,14571.305,15562.505,16620.422,17677.991,18802.687,19974.121,21134.106
Mali,286.454,234.094,202.86,191.973,187.769,185.354,252.941,290.075,287.083,345.585,387.839,387.973,389.751,379.108,282.773,356.81,355.7,325.445,329.005,331.779,277.839,316.234,345.813,404.925,454.12,504.44,539.607,616.723,719.334,722.924,732.402,861.874,801.102,827.335,872.028,772.639,802.399,854.149,926.542,924.178,967.139,1008.989,1053.556,1099.137,1139.61
Malta,3796.748,3677.235,3453.664,3249.768,3101.996,3113.707,3937.745,4878.641,5501.109,5705.594,6784.68,7186.488,7913.691,6981.791,7653.977,8943.296,9071.562,9111.743,9583.837,9944.329,10440.479,10391.869,11337.664,13648.264,15126.472,15899.493,16765.532,19584.633,22099.29,20813.35,21148.916,22911.838,22070.032,24032.629,26328.801,24373.194,25419.81,27730.109,30608.498,30650.168,32019.43,33762.214,35583.941,37473.924,39545.452
Marshall Islands,no data,no data,no data,no data,no data,no data,no data,no data,no data,no data,no data,no data,no data,no data,no data,no data,no data,2185.537,2199.801,2148.98,2195.083,2309.828,2546.271,2576.426,2630.462,2740.614,2849.332,2978.24,2958.77,2962.443,3180.495,3302.319,3497.434,3590.891,3444.55,3363.371,3652.923,3822.156,3878.666,3924.826,4001.132,4072.081,4122.223,4168.317,4198.339
Mauritania,no data,no data,no data,no data,no data,no data,no data,no data,no data,no data,608.102,677.983,694.818,576.823,590.49,617.47,611.881,578.045,549.551,547.431,489.512,476.237,472.953,542.357,617.684,716.665,1053.059,1100.946,1275.402,1146.234,1322.344,1537.255,1513.097,1618.217,1488.788,1303.457,1235.172,1268.876,1319.265,1392.463,1426.842,1481.055,1596.567,1688.41,1780.566
Mauritius,1268.107,1186.583,1124.4,1179.733,1080.41,1085.141,1454.116,1827.431,2104.548,2146.046,2555.86,2781.631,3091.412,3148.796,3446.307,3902.222,3993.479,3703.632,3701.865,3859.149,4102.593,4026.943,4196.429,5005.417,5626.004,5516.198,5695.975,6574.664,8030.052,7318.126,8000.376,9197.043,9291.236,9637.016,10151.727,9258.563,9681.416,10485.014,11228.114,11360.673,11720.621,12472.831,13314.446,14127.597,14957.299
Mexico,3295.891,4135.806,2934.847,2341.273,2703.332,2810.06,1906.82,2050.329,2459.992,2940.086,3335.464,3927.96,4479.321,5467.155,5672.01,3810.928,4286.479,5148.07,5346.19,6019.94,7016.24,7409.68,7465.916,6964.629,7383.023,8189.161,8997.269,9588.507,9973.021,7975.422,9258.198,10204.512,10261.045,10764.334,10980.985,9673.643,8815.535,9366.655,9796.976,10118.167,10405.789,10767.497,11150.183,11563.558,12007.789
"Micronesia, Fed. States of",no data,no data,no data,no data,no data,no data,no data,no data,no data,no data,no data,no data,no data,no data,no data,2094.48,2060.874,1944.21,2054.62,2061.643,2179.424,2257.322,2277.946,2311.653,2268.897,2370.444,2413.778,2457.377,2531.364,2710.27,2885.869,3032.447,3192.666,3095.855,3112.864,3080.327,3241.255,3548.96,3634.178,3717.999,3815.815,3916.649,4014.52,4114.837,4217.66
Moldova,no data,no data,no data,no data,no data,no data,no data,no data,no data,no data,no data,no data,280.954,362.191,377.365,470.121,554.34,633.014,557.897,385.906,434,489.91,551.248,658.922,866.001,999.052,1142.31,1478.475,2036.943,1831.31,1959.627,2364.735,2446.303,2669.23,2675.043,2174.329,2273.158,2726.536,3190.832,3300.09,3470.194,3668.934,3883.749,4109.528,4357.173
Mongolia,no data,no data,no data,no data,no data,no data,no data,no data,no data,no data,1506.243,1548.554,844.161,411.791,489.98,756.761,692.473,598.398,562.12,520.775,553.097,610.325,662.699,747.092,919.767,989.177,1321.606,1616.138,2109.269,1687.55,2602.373,3702.359,4281.33,4293.834,4081.015,3842.536,3576.817,3595.38,4017.223,4132.66,4363.904,4614.25,4873.857,5097.626,5303.683
Montenegro,no data,no data,no data,no data,no data,no data,no data,no data,no data,no data,no data,no data,no data,no data,no data,no data,no data,no data,no data,no data,1577.088,1870.95,2064.151,2734.633,3371.996,3676.891,4431.307,5984.695,7397.037,6746.441,6693.865,7327.253,6590.58,7189.048,7389.894,6517.42,7031.531,7800.27,8762.676,8703.933,9115.788,9604.438,10149.111,10733.825,11339.717
Morocco,1132.089,895.782,881.181,778.036,695.127,685.329,884.05,952.577,1102.828,1109.286,1248.809,1310.61,1343.358,1239.049,1369.643,1479.276,1612.853,1442.425,1519.174,1492.184,1373.92,1376.532,1453.941,1768.603,1999.125,2063.312,2242.729,2549.881,2946.926,2922.586,2896.564,3111.538,2979.738,3200.479,3259.721,2964.961,2996.652,3147.847,3365.517,3345.029,3464.022,3656.243,3860.786,4079.375,4315.805
Mozambique,451.28,342.18,341.542,299.724,307.289,401.962,469.97,212.602,187.194,194.93,308.821,234.917,155.95,155.688,162.39,160.966,210.628,242.999,271.933,290.316,255.35,243.134,257.603,279.204,330.198,361.492,382,423.366,502.5,475.416,429.948,524.891,589.818,604.999,619.907,528.934,379.004,426.091,474.508,484.405,521.831,544.285,564.38,614.671,681.947
Myanmar,no data,no data,no data,no data,no data,no data,no data,no data,no data,no data,no data,no data,no data,no data,no data,no data,no data,no data,128.036,154.663,195.621,182.31,162.283,197.611,246.159,274.473,295.172,362.973,512.417,643.149,800.245,1080,1156.903,1187.524,1230.527,1219.478,1156.891,1166.04,1299.732,1244.725,1350.833,1467.307,1591.54,1726.124,1875.225
Namibia,no data,no data,no data,no data,no data,no data,no data,no data,no data,2027.87,2109.532,2034.92,2070.995,1922.824,2100.279,2197.585,2126.349,2143.726,1837.305,1874.47,2139.706,1939.787,1811.249,2607.864,3440.966,3708.785,4007.733,4378.564,4198.55,4340.183,5410.977,5870.933,6038.862,5793.927,5717.763,5160.201,4854.145,5725.182,6012.733,5842.061,5963.026,6122.634,6350.886,6635.704,6865.731
Nauru,no data,no data,no data,no data,no data,no data,no data,no data,no data,no data,no data,no data,no data,no data,no data,no data,no data,no data,no data,no data,no data,no data,no data,no data,3174.961,3167.648,3200.72,2470.84,3965.355,4587.75,4748.078,6529.397,9382.641,9103.519,8865.599,6994.054,7674.477,8152.257,8562.25,8270.263,8369.123,8439.984,8552.779,8729.975,8913.32
Nepal,131.802,150.625,148.732,158.983,164.329,166.829,177.522,180.139,207.729,205.175,205.989,219.595,194.2,202.946,206.434,218.561,220.04,233.955,227.839,229.842,239.365,241.952,241.688,252.299,286.157,317.736,346.945,391.344,470.452,478.173,592.369,703.044,698.466,715.89,743.099,792.553,777.148,911.444,1033.912,1047.739,1176.582,1275.688,1376.053,1477.144,1582.534
Netherlands,13749.31,11428.728,11012.591,10681.336,9904.112,10007.163,13873.948,16893.909,17954.59,17595.644,21579.624,22055.824,24189.797,23354.307,24933.395,29350.802,29084.068,26808.388,28018.706,28393.845,26327.867,26996.172,29401.976,35814.268,40477.3,42054.884,44936.006,51880.384,58015.396,52807.447,51165.823,54342.114,50175.559,52276.986,53026.478,45302.804,46165.177,48799.874,53228.27,52367.849,53873.37,55998.947,58102.277,60250.663,62696.241
New Zealand,7203.517,7458.186,7326.447,7022.034,6919.016,6901.934,8323.398,11122.524,13561.987,13015.523,13363.054,12356.539,11689.968,12451.143,14492.628,16784.071,18356.512,18115.847,14827.975,15280.988,13978.23,13560.579,15552.302,20304.755,24689.819,27206.073,26077.523,31784.19,31663.804,28105.807,33222.09,37985.398,39553.552,41775.712,43858.149,37743.237,38982.502,41381.805,41204.706,40634.137,42084.399,43901.149,45801.061,47614.929,49547.28
Nicaragua,no data,no data,no data,no data,no data,no data,no data,no data,no data,no data,no data,no data,no data,no data,898.199,935.34,947.14,940.143,973.071,999.413,1030.74,1054.66,1011.904,1010.231,1077.784,1152.801,1224.724,1326.658,1498.88,1444.941,1506.073,1629.968,1734.794,1790.431,1916.77,2036.931,2099.585,2165.169,2030.5,1919.166,1869.615,1842.629,1828.003,1825.761,1839.442
Niger,432.97,362.349,325.466,281.095,220.241,210.158,269.043,305.773,302.67,280.438,309.293,281.077,273.816,250.602,170.454,185.046,191.327,170.262,187.796,175.257,147.441,154.438,169.947,209.086,220.93,247.669,258.056,292.106,355.962,341.543,347.985,374.823,390.331,414.516,428.442,362.717,366.058,376.623,414.328,405.095,427.445,446.238,490.903,514.091,542.902
Nigeria,no data,no data,no data,no data,no data,no data,no data,no data,no data,no data,652.915,615.663,521.905,553.126,760.992,1224.938,1560.382,1655.818,1802.587,481.951,554.64,583.187,730.836,780.399,963.236,1221.651,1563.031,1791.823,2197.776,1927.476,2328.425,2543.504,2756.411,2998.06,3222.677,2726.34,2180.266,1971.788,2032.857,2222.006,2400.454,2602.021,2830,3074.98,3346.387
North Macedonia ,no data,no data,no data,no data,no data,no data,no data,no data,no data,no data,no data,no data,1263.863,1383.543,1824.418,2387.158,2348.109,1980.429,1888.755,1931.989,1878.237,1839.616,1974.061,2440.813,2796.622,3071.897,3359.608,4076.296,4838.148,4579.092,4576.228,5174.894,4728.373,5239.649,5498.612,4860.422,5152.966,5449.061,6100.397,6096.49,6414.664,6820.088,7242.939,7687.868,8182.425
Norway,15746.212,15484.681,15196.29,14906.207,14968.787,15728.224,18853.07,22445.073,24143.155,24245.447,28187.218,28514.498,30432.927,27880.6,29236.375,34789.965,37225.29,36561.409,34717.064,36278.339,38047.898,38494.71,42997.959,50046.309,57512.221,66687.79,73970.273,84915.639,96563.223,79746.888,87356.193,100197.171,101129.871,102576.713,96657.575,74115.179,70223.839,75306.644,81549.977,77975.429,78333.222,79878.619,81395.026,83077.616,84994.937
Oman,4674.114,5251.746,5510.962,5363.892,5517.394,6129.204,4548.852,4488.916,4362.946,4605.009,6340.52,5937.75,6292.658,6102.666,6116.027,6355.283,6864.964,6965.197,6037.746,6605.919,8120.715,7961.211,8108.723,8565.258,9635.825,11873.176,13938.207,15436.806,21866.269,16784.913,19774.797,22726.637,23282.204,21920.148,21814.151,18243.808,16332.369,17045.148,18969.993,17791.026,17723.145,17899.531,17812.763,17870.849,18019.409
Pakistan,384.902,442.247,469.6,426.342,450.309,438.235,436.969,445.068,500.308,508.691,495.989,551.237,565.905,583.709,573.819,654.027,666.464,641.566,624.156,617.576,583.32,555.226,544.369,611.429,705.723,776.77,883.243,963.279,1037.612,998.186,1031.652,1218.342,1254.17,1266.742,1312.427,1424.954,1439.63,1543.989,1565.427,1388.244,no data,no data,no data,no data,no data
Palau,no data,no data,no data,no data,no data,no data,no data,no data,no data,no data,no data,no data,no data,no data,no data,no data,no data,no data,no data,no data,7718.412,8161.027,8421.096,7879.455,8382.411,9303.471,9585.137,10057.066,10427.26,9839.407,10033.819,10762.291,11986.972,12838.753,14006.773,15875.437,16782.098,15995.087,16195.279,16736.103,17378.1,17936.264,18476.128,19032.241,19605.092
Panama,2071.041,2288.369,2469.136,2477.122,2527.53,2614.785,2658.349,2613.099,2211.665,2171.726,2312.985,2489.709,2770.951,2963.32,3095.157,3099.915,3580.929,3791.269,4027.322,4136.061,4111.712,4094.966,4172.689,4312.62,4638.716,4965.212,5401.562,6127.034,7110.228,7532.399,8039.764,9314.686,10674.486,11841.894,12756.953,13606.595,14356.447,15198.073,15642.817,16245.452,17148.321,18076.611,19070.834,20119.737,21226.323
Papua New Guinea,1413.084,1350.213,1251.954,1222.551,1104.801,998.754,1064.087,1186.913,1601.71,1489.007,1295.479,1477.862,1582.691,1753.688,1877.827,1618.559,1678.059,1563.103,1164.943,1036.878,1031.04,882.227,855.595,1018.513,1117.953,1272.221,1411.902,1576.159,1883.527,1833.09,2132.185,2552.043,2865.783,2800.173,2992.711,2742.919,2567.582,2705.581,2751.706,2742.269,2725.812,2721.329,2745.517,2787.336,2835.898
Paraguay,1299.661,1608.463,1636.527,1762.992,1390.886,1154.145,1335.761,1084.695,1392.417,977.835,1185.277,1585.242,1592.055,1580.207,1681.396,1897.134,2008.188,2003.578,1824.648,1706.395,1675.793,1577.681,1312.083,1377.521,1693.886,1857.773,2284.975,2988.681,4047.755,3622.628,4347.206,5298.454,5151.373,5882.781,6050.042,5353.075,5259.938,5609.848,5934.182,5692.175,5904.857,6280.569,6614.176,6959.241,7273.864
Peru,1164.828,1373.068,1332.455,1011.725,1018.785,861.599,1263.729,2040.65,1579.545,1908.456,1301.465,1530.736,1562.58,1487.861,1839.228,2147.428,2193.686,2272.351,2141.114,1903.93,1940.238,1935.546,2017.765,2159.744,2408.091,2669.214,3106.719,3587.798,4226.544,4170.442,5055.04,5738.131,6400.396,6631.331,6565.41,6141.428,6173.231,6729.934,7007.171,7046.788,7316.973,7645.564,7997.906,8370.172,8762.896
Philippines,752.815,806.599,819.872,715.13,659.363,627.535,597.839,648.255,723.483,794.104,805.632,806.935,919.701,922.189,1062.278,1200.429,1276.661,1240.769,958.16,1077.999,1051.973,970.377,1013.424,1024.77,1093.48,1208.934,1405.206,1683.688,1940.995,1851.073,2155.409,2379.941,2591.627,2768.472,2849.267,2882.768,2953.291,2989.131,3104.223,3294.473,3484.895,3714.028,4008.759,4328.895,4673.778
Poland,1591.91,1494.896,1799.918,2052.913,2038.025,1896.081,1961.676,1687.804,1815.815,1768.606,1625.844,2101.345,2311.094,2347.117,2687.41,3605.161,4058.183,4067.962,4450.329,4339.597,4476.245,4978.051,5195.281,5691.335,6684.461,8019.766,9035.259,11264.718,14004.757,11541.353,12601.915,13886.833,13158.073,13777.295,14342.832,12565.735,12427.647,13871.679,15425.681,14901.547,15988.035,17021.1,18107.913,19289.98,20572.767
Portugal,3338.764,3296.654,3095.096,2838.655,2596.075,2716.645,3774.582,4724.451,5532.62,5977.577,7957.244,9026.301,10863.487,9547.643,9977.615,11787.315,12187.569,11594.766,12216.689,12487.712,11531.458,11734.869,12927.593,15793.863,18055.869,18790.561,19840.474,22813.654,24946.256,23126.188,22539.038,23213.113,20576.825,21653.505,22109.318,19252.005,19986.362,21482.856,23437.39,23030.786,23731.127,24727.892,25744.8,26788.053,27920.047
Puerto Rico,4507.15,4940.784,5146.929,5257.186,5777.438,6058.641,6495.499,6987.398,7579.339,8094.29,8675.576,9093.48,9687.443,10255.532,10942.949,11667.589,12305.024,12968.394,14430.159,15293.182,16192.127,18243.709,18972.77,19820.208,20988.989,21959.317,22935.951,23664.874,24898.335,25768.726,26435.742,27278.853,27944.742,28513.15,28981.343,29755.35,30585.55,31590.97,31603.406,31538.174,32100.402,32647.404,33213.788,33808.206,34380.379
Qatar,31999.31,32677.158,26613.591,21147.403,20551.617,18201.415,13677.704,13828.961,12749.102,12967.628,15446.332,14189.043,15616.953,14546.04,14894.69,16238.346,17677.59,21337.1,18633.92,21660.445,29914.266,28666.61,30748.535,35644.406,44051.659,54228.833,62920.646,69166.962,74189.292,59683.144,72953.444,96827.857,101933.117,99180.39,93054.141,66346.911,57965.377,62826.062,70379.492,69687.549,70736.879,72554.045,75624.629,78964.166,83263.488
Romania,2052.081,2450.352,2441.211,2125.157,1710.302,2101.997,2264.368,2517.949,2593.057,2314.744,1641.855,1241.063,847.68,1147.325,1317.048,1563.117,1565.472,1571.689,1885.349,1600.881,1661.714,1802.675,2113.596,2672.811,3483.726,4604.45,5740.402,8262.407,10385.848,8517.598,8190.571,9081.724,8518.923,9537.82,10004.876,8950.463,9538.926,10761.712,12269.843,12482.971,13414.487,14398.636,15455.166,16542.166,17685.865
Russian Federation,no data,no data,no data,no data,no data,no data,no data,no data,no data,no data,7049.592,5774.254,617.5,1331.768,2001.931,2268.992,2834.697,2938.568,1972.856,1430.7,1903.592,2264.825,2555.427,3198.626,4408.302,5719.766,7434.816,9759.766,12484.357,9156.586,11446.587,14319.683,15276.303,15953.125,14069.103,9261.678,8722.893,10750.805,11289.439,11162.652,11305.118,11704.546,12183.614,12728.105,13314.544
Rwanda,270.525,296.19,304.582,313.504,293.235,336.894,368.93,395.849,409.149,413.152,385.963,276.23,292.942,301.087,206.465,226.63,248.486,319.386,312.589,262.564,229.235,209.117,200.121,215.302,240.947,293.248,354.621,421.27,518.613,561.82,584.957,651.628,707.583,709.834,727.969,736.378,734.822,773.847,786.531,824.927,873.332,928.264,992.544,1063.875,1140.554
Saint Kitts and Nevis,1338.747,1609.725,1847.251,1829.835,2144.801,2406.13,2851.256,3289.063,3926.955,4392.77,4969.878,4912.915,5386.942,5806.085,6407.518,6819.77,7195.174,8010.438,8260.891,8670.829,9544.827,9900.461,10251.273,9881.841,10522.561,11219.683,13095.2,13845.794,14925.414,14696.759,14776.442,15726.391,15224.898,15791.923,15483.41,15690.938,16356.504,17007.806,17512.575,18245.901,19023.746,19748.404,20442.882,21208.671,22005.824
Saint Lucia,1307.489,1472.199,1370.524,1455.75,1830.898,2038.936,2400.742,2613.95,2947.654,3281.755,3865.76,4036.227,4364.173,4403.753,4499.232,4716.078,4798.43,4817.864,5164.448,5365.735,5348.428,5056.054,5059.127,5499.454,5875.116,6182.276,6818.825,7607.929,7554.165,7767.181,8447.613,8640.211,8515.016,8690.236,9031.638,9521.039,9678.105,10246.575,10754.858,11075.921,11619.205,12139.701,12600.293,12963.414,13337
Saint Vincent and the Grenadines,836.554,1028.229,1136.548,1212.18,1329.011,1423.424,1561.255,1693.036,1923.88,2047.706,2274.42,2392.789,2610.526,2689.605,2719.644,2969.99,3116.21,3270.011,3513.884,3675.552,3728.555,4049.723,4327.675,4494.061,4846.874,5091.853,5624.413,6272.145,6366.43,6172.303,6224.211,6171.184,6318.679,6569.838,6622.439,6867.601,7033.581,7187.566,7353.722,7750.791,8080.9,8427.133,8785.575,9162.218,9553.018
Samoa,no data,no data,no data,no data,no data,no data,no data,no data,no data,no data,no data,no data,no data,no data,no data,no data,no data,no data,1613.013,1469.932,1511.677,1516.881,1595.803,1876.744,2280.71,2633.305,2775.164,3038.858,3634.995,3170.109,3430.856,3939.695,4233.328,4219.066,4178.979,4149.36,4015.214,4258.343,4323.256,4500.745,4735.061,4873.797,5026.538,5188.347,5353.482
San Marino,no data,no data,no data,no data,no data,no data,no data,no data,no data,no data,no data,no data,no data,no data,no data,no data,no data,no data,no data,no data,no data,no data,no data,no data,no data,no data,no data,72991.531,79110.201,67011.543,60426.235,57512.891,50336.185,51986.532,51234.869,43068.693,44308.666,45887.687,48948.13,47279.934,47932.214,49249.459,50472.506,51644.539,52931.877
Saudi Arabia,17655.143,18832.057,14912.742,11972.192,10558.766,8732.74,6955.053,6524.159,6398.839,6583.29,7734.975,8280.176,8077.765,7686.005,7626.36,7893.422,8527.666,8706.354,7525.303,8092.7,9256.541,8778.391,8822.507,9800.529,11467.097,14068.219,15603.985,16666.626,20157.298,16094.678,19163.337,23654.865,25208.162,24892.99,24929.316,21063.308,20288.917,21113.957,23538.94,22865.178,22533.259,22569.951,22924.507,23401.284,23985.55
Senegal,781.318,689.676,656.587,569.224,539.145,573.039,786.525,917.907,880.712,842.541,952.417,910.029,946.739,869.094,576.64,706.207,714.635,643.171,679.9,676.041,603.592,609.832,652.081,815.347,929.274,980.628,1026.153,1204.909,1394.345,1298.383,1257.654,1345.702,1301.541,1343.16,1361.351,1186.925,1235.111,1320.62,1441.427,1427.873,1494.314,1596.807,1716.191,1916.452,2058.036
Serbia,no data,no data,no data,no data,no data,no data,no data,no data,no data,no data,no data,no data,no data,no data,no data,no data,no data,2925.927,2300.699,1507.679,1238.888,1640.945,2156.887,2836.54,3315.331,3695.343,4398.828,5878.873,7087.453,6168.228,5673.62,6809.94,6012.63,6752.796,6598.935,5585.117,5756.384,6284.196,7223.004,7397.685,7991.582,8676.369,9393.778,10167.294,10903.377
Seychelles,2329.353,2403.455,2293.938,2280.452,2338.076,2588.553,3165.945,3638.988,4128.118,4407.201,5302.844,5314.655,6128.346,6559.088,6555.429,6748.825,6583.091,7280.929,7715.784,7747.491,7578.829,7663.083,8431.923,8524.935,10176.659,11093.314,12014.418,12155.702,11480.433,9707.265,10805.099,11647.017,11999.897,14762.223,14701.368,14786.118,15218.508,15915.524,16574.679,17052.232,17178.633,18180.242,19023.259,19865.261,20661.903
Sierra Leone,490.441,513.084,565.071,479.982,552.183,460.718,337.502,287.721,461.77,414.406,224.573,268.084,234.027,266.103,317.336,304.147,327.823,294.274,230.249,224.923,210.745,233.996,258.174,272.053,271.396,299.269,331.015,368.86,418.785,399.926,410.595,457.917,578.302,731.066,721.558,599.574,522.355,503.347,539.205,546.645,557.073,569.681,587.668,610.801,634.903
Singapore,5004.992,5672.105,6000.032,6717.837,7160.262,6788.387,6870.769,7794.688,9328.951,10725.743,12763.342,14501.96,16136.244,18290.132,21552.408,24914.851,26232.869,26375.868,21829.278,21796.642,23852.834,21699.748,22159.833,23730.379,27608.075,29961.308,33768.446,39432.895,40008.577,38926.813,47236.672,53891.462,55547.546,56967.426,57564.802,55645.607,56722.271,60296.789,64578.772,63987.068,64829.222,66949.975,69597.894,72466.186,75631.866
Slovak Republic,no data,no data,no data,no data,no data,no data,no data,no data,no data,no data,no data,no data,no data,2561.19,2938.631,3696.566,3990.001,4069.745,4232.73,3864.179,3832.538,3976.08,4620.672,6330.051,8027.234,9129.071,10683.52,14349.947,18048.555,16572.777,16633.526,18227.832,17295.006,18205.631,18668.68,16197.766,16564.769,17629.159,19579.309,19547.657,20494.627,21722.212,22903.7,24079.677,25308.924
Slovenia,no data,no data,no data,no data,no data,no data,no data,no data,no data,no data,no data,no data,9639.262,8357.859,8468.162,10748.36,10810.791,10470.497,11168.219,11509.456,10259.494,10502.321,11804.768,14873.628,17254.827,18152.125,19723.796,23912.494,27744.207,24854.229,23570.184,25156.137,22674.49,23516.527,24263.959,20898.913,21640.27,23498.087,26145.653,26170.25,27452.323,29061.982,30573.061,32111.087,33732.456
Solomon Islands,767.971,786.877,757.961,689.407,669.398,592.013,512.757,523.77,579.556,552.165,667.386,687.074,789.67,858.033,1052.455,1192.904,1275.868,1297.942,1073.834,1114.737,923.385,897.554,744.048,704.085,793.967,915.158,980.042,1048.642,1207.902,1160.785,1293.864,1733.71,1935.74,2010.288,2042.088,1971.553,2052.823,2092.137,2197.253,2246.723,2338.314,2444.286,2552.905,2683.809,2810.101
South Africa,2853.526,2865.01,2561.74,2783.1,2400.34,1792.065,2003.023,2570.271,2704.735,2753.513,3140.342,3289.043,3481.424,3390.848,3446.835,3752.377,3499.202,3555.708,3159.393,3087.271,3039.041,2659.484,2496.993,3744.26,4838.952,5383.759,5610.627,6091.646,5765.546,5880.321,7311.739,7997.067,7487.85,6824.453,6429.825,5731.725,5266.883,6119.887,6353.846,6100.354,6193.171,6331.797,6493.317,6663.568,6846.991
"South Sudan, Republic of",no data,no data,no data,no data,no data,no data,no data,no data,no data,no data,no data,no data,no data,no data,no data,no data,no data,no data,no data,no data,no data,no data,no data,no data,no data,no data,no data,no data,no data,no data,no data,1644.739,1041.463,1337.232,1309.952,1225.186,281.507,273.137,353.165,275.184,243.267,244.003,278.36,270.374,265.582
Spain,6112.881,5368.609,5158.755,4490.713,4460.603,4683.157,6461.294,8167.057,9574.946,10540.022,13659.798,14661.18,15973.582,13376.558,13386.457,15437.363,16055.974,14746.417,15418.912,15775.108,14724.629,15368.725,17091.894,21533.395,24989.656,26529.517,28531.631,32748.181,35698.152,32423.722,30801.277,31875.786,28584.377,29237.317,29686.715,25849.69,26681.567,28381.056,30733.168,29961.105,30734.119,31937.225,33092.261,34267.611,35572.012
Sri Lanka,322.965,331.567,353.509,377.207,437.452,428.513,454.721,468.846,485.167,482.128,546.34,591.047,629.976,666.435,761.443,802.019,873.67,968.151,992.407,992.638,1031.359,983.965,1027.565,1125.194,1221.079,1431.295,1645.073,1869.834,2336.438,2396.633,2807.661,3212.756,3349.776,3608.294,3818.396,3842.252,3885.761,4104.332,4099.118,3946.592,4152.213,4411.555,4688.418,4987.481,5318.716
Sudan,486.908,339.389,239.807,318.513,375.019,253.184,328.588,516.781,404.705,696.391,87.197,95.292,113.476,186.506,205.922,239.507,292.909,350.723,366.582,352.442,422.316,492.676,554.652,635.575,772.939,996.677,1249.767,1599.596,1700.513,1401.244,1637.419,2034.461,1396.292,1462.582,1628.497,1698.077,1403.152,1126.551,816.543,714.295,759.706,745.728,735.699,728.412,722.017
Suriname,no data,no data,no data,no data,no data,no data,no data,no data,no data,no data,1320.196,1434.456,1313.625,1020.848,1133.128,2120.745,2605.667,2750.695,3264.332,2649.744,2712.6,2301.928,2872.138,3335.527,3789.587,4483.534,5208.555,5758.066,6832.947,7394.097,8224.066,8190.699,9194.151,9351.962,9379.003,8439.174,5498.942,5260.044,5798.163,6310.95,6875.92,7113.623,7592.016,7860.968,8166.338
Sweden,16422.57,15281.923,13507.009,12468.819,12892.471,13322.454,17652.641,21340.305,23991.472,24968.847,29827.341,31570.068,32279.278,24151.675,25778.496,30030.442,32761.324,30107.957,30371.288,30727.784,29420.501,27052.943,29677.011,37018.849,42460.162,43077.336,46110.953,53139.378,55682.196,46582.584,52607.396,60397.845,57653.113,60616.489,59528.902,51126.766,51599.447,53412.284,54356.073,51241.914,51892.079,53960.648,56436.492,59106.558,62108.693
Switzerland,18869.568,17190.991,17508.115,17360.011,16532.256,16694.338,23816.313,29646.522,31881.397,30545.678,38660.028,38655.814,39686.859,38242.326,41996.762,48833.175,46763.937,40469.035,41547.374,40642.658,37992.655,38716.1,41551.991,48285.032,53447.448,55113.812,57800.425,63959.393,72938.731,70321.278,74884.995,88902.892,83958.733,85673.433,87159.833,82511.335,80629.206,80763.565,83161.895,83716.813,86673.501,89370.253,92190.423,95121.585,98276.188
Syria,1421.836,1763.344,1784.577,1849.427,1839.915,1965.139,2284.039,2823.157,1389.823,800.859,967.145,972.175,983.575,995.061,1060.707,1133.162,1186.162,1080.812,1028.169,1043.174,1202.891,1236.897,1305.087,1208.885,1361.499,1510.392,1726.028,2016.052,2557.211,2557.267,2806.685,no data,no data,no data,no data,no data,no data,no data,no data,no data,no data,no data,no data,no data,no data
São Tomé and Príncipe,775.709,931.011,876.128,800.45,812.985,837.601,1142.825,1111.67,922.926,892.384,1050.252,920.765,788.501,1033.02,1058.931,820.593,1050.097,700.969,541.273,568.499,550.516,505.213,552.891,647.954,692.685,809.407,839.546,885.101,1117.491,1084.167,1107.873,1273.068,1342.707,1569.411,1763.383,1569.505,1673.466,1768.1,1943.49,1933.381,2036.124,2151.523,2283.09,2412.715,2552.745
Taiwan Province of China,2367.6,2692.406,2675.823,2882.402,3203.468,3295.112,4010.111,5325.216,6337.499,7577.046,8178.152,9092.297,10725.702,11266.123,12108.752,13076.007,13597.248,13968.097,12787.258,13768.274,14876.879,13408.383,13715.525,14094.37,15360.724,16503.313,16984.54,17780.925,18102.946,16959.775,19261.667,20911.643,21269.614,21887.992,22638.917,22373.564,22572.702,24389.677,25007.747,24827.898,25525.806,26861.07,28324.425,29870.221,31483.799
Tajikistan,no data,no data,no data,no data,no data,no data,no data,no data,no data,no data,no data,no data,52.622,121.645,147.923,100.448,183.374,192.58,222.282,177.712,159.417,167.035,187.958,236.394,308.844,337.129,401.586,519.025,702.445,666.024,738.287,834.52,949.648,1040.15,1105.197,919.073,795.981,800.802,825.77,877.34,910.982,950.945,989.379,1024.005,1061.868
Tanzania,602.924,699.181,778.244,772.741,682.028,596.872,732.197,350.129,324.721,271.496,211.031,237.573,213.148,190.679,195.663,221.366,266.49,307.987,370.188,370.918,380.08,377.469,382.262,401.072,428.906,459.751,491.351,551.879,683.137,693.025,732.315,768.16,867.857,970.348,1030.74,947.897,966.29,1002.869,1039.739,1104.786,1159.304,1213.629,1273.876,1341.557,1413.837
Thailand,718.751,751.856,773.787,835.332,853.682,775.776,840.475,969.076,1159.092,1349.927,1571.257,1777.473,2025.518,2234.179,2515.154,2871.564,3071.062,2492.616,1866.597,2057.318,2030.725,1921.673,2133.115,2404.937,2714.64,2955.791,3442.383,4058.383,4471.121,4298.301,5174.526,5600.645,5979.22,6296.19,6079.686,5967.671,6113.418,6730.556,7448.119,7791.952,8193.815,8668.985,9187.818,9744.162,10257.175
Timor-Leste,no data,no data,no data,no data,no data,no data,no data,no data,no data,no data,no data,no data,no data,no data,no data,no data,no data,no data,no data,no data,490.029,569.618,553.991,580.375,1132.743,1870.691,2687.606,2851.53,4246.913,3060.251,3782.955,5263.594,6044.519,4992.182,3491.597,2610.361,2065.218,2005.28,2163.525,2262.842,2356.913,2253.93,2120.287,2301.816,2500.954
Togo,543.434,436.616,355.088,325.926,288.436,291.935,395.527,449.71,485.437,462.856,542.701,523.168,536.094,399.213,302.14,388.615,412.701,407.67,374.068,364.106,300.415,290.024,324.834,392.424,408.29,401.714,402.867,444.015,539.342,533.229,527.786,579.67,565.022,613.624,633.068,563.759,587.598,615.671,670.323,671.4,713.653,761.592,811.963,865.34,923.414
Tonga,802.903,886.55,878.894,853.099,890.429,836.907,999.884,1081.019,1264.565,1523.205,1578.512,1816.713,1868.532,1944.448,2103.954,2199.634,2410.489,2254.233,2012.456,2035.946,1965.571,1775.167,1908.075,2108.806,2454.269,2788.968,2889.027,3177.853,3406.44,3351.959,3819.22,4437.44,4503.603,4371.58,4332.311,4052.345,4276.801,4672.332,4858.418,4862.273,5083.482,5267.809,5453.837,5664.451,5887.851
Trinidad and Tobago,5844.663,6451.064,7389.246,6935.75,6827.598,6407.753,4118.845,4083.147,3796.412,3623.428,4219.122,4390.015,4471.243,3741.17,4024.875,4319.496,4655.849,4629.726,4869.365,5475.183,6541.694,7042.209,7158.999,8927.638,10438.77,12467.75,14273.555,16807.873,21464.21,14801.21,16957.995,19320.961,19208.072,20107.682,20286.546,18470.338,15937.602,16251.511,16378.646,16365.643,16757.56,17343.575,17986.536,18667.918,19422.866
Tunisia,1482.823,1390.414,1309.899,1322.84,1286.6,1271.845,1312.226,1382.408,1411.506,1386.015,1636.643,1687.19,1973.446,1814.879,1903.845,2156.454,2299.375,2210.809,2295.188,2388.986,2213.949,2254.913,2345.99,2762.051,3112.91,3194.48,3371.538,3778.891,4308.911,4131.023,4140.465,4256.837,4137.572,4198.849,4274.467,3827.64,3665.802,3452.668,3421.777,3287.085,3327.722,3159.34,3170.987,3367.881,3631.056
Turkey,2132.148,2111.547,1875.285,1752.07,1667.262,1833.859,1982.413,2259.887,2335.486,2707.186,3735.77,3686.18,3817.294,4259.482,3024.163,3877.104,4095.582,4220.595,4387.308,4019.001,4218.859,3053.282,3589.386,4642.902,5952.828,7277.942,7898.992,9562.939,10691.762,8881.762,10475.567,11140.952,11552.693,12395.369,12022.18,10914.886,10817.389,10551.139,9405.321,8957.894,9683.565,10635.818,11373.637,11901.693,12489.904
Turkmenistan,no data,no data,no data,no data,no data,no data,no data,no data,no data,no data,no data,no data,239.149,1335.633,1102.518,1394.427,554.283,614.767,647.355,861.861,1109.216,1514.431,1880.287,2443.634,3004.972,3596.234,4429.641,5312.927,4350.129,4036.459,4439.203,5649.978,6675.276,7304.421,7962.366,6432.669,6412.135,6642.523,7064.739,7816.021,8991.246,9957.432,10891.534,11919.759,13051.784
Tuvalu,no data,no data,no data,no data,no data,no data,no data,no data,no data,no data,no data,no data,no data,no data,no data,no data,no data,no data,no data,no data,no data,no data,1661.535,1946.376,2255.915,2229.48,2324.759,2713.056,3053.405,2683.967,3059.159,3687.994,3541.906,3499.048,3459.462,3280.974,3362.05,3688.651,3796.398,3834.829,4121.726,4424.921,4769.012,5124.052,5349.182
Uganda,512.2,804.731,541.848,601.022,447.813,396.289,381.127,592.632,591.643,462.395,363.928,183.801,166.503,190.45,266.865,309.747,309.377,326.722,310.18,285.563,273.964,268.065,278.964,278.825,331.993,372.282,406.739,488.914,604.626,628.759,662.223,669.297,755.416,767.235,775.095,646.894,676.948,702.448,724.209,770.062,823.106,873.745,937.957,989.437,1097.647
Ukraine,no data,no data,no data,no data,no data,no data,no data,no data,no data,no data,no data,no data,427.863,677.261,740.97,752.339,914.348,1037.893,874.265,664.99,664.376,784.864,885.315,1055.946,1374.753,1839.515,2319.286,3101.388,3944.724,2557.279,2982.814,3589.632,3872.534,3968.797,3053.608,2124.619,2200.002,2655.939,3112.883,3592.173,3881.66,4146.531,4412.068,4691.731,4982.758
United Arab Emirates,40014.582,40910.917,35767.654,31690.067,29017.094,27035.998,20533.019,21644.071,18435.195,20478.526,26621.511,25847.406,25960.965,25654.369,25762.53,26394.423,29058.859,29523.485,25897.653,27321.043,34688.979,32621.292,32790.711,35017.312,39304.507,43988.667,44313.586,41472.286,39074.838,30920.447,35064.255,41194.733,42723.581,43197.43,43340.018,37380.571,36226.23,37251.944,39709.006,37749.876,37375.271,37386.47,37642.593,38056.964,38586.466
United Kingdom,10734.566,10429.255,9925.51,9456.7,8943.273,9491.989,11551.068,14294.994,17364.253,17617.847,20808.225,21671.879,22305.36,19925.662,21344.249,23026.709,24256.456,26647.953,28077.336,28435.056,28043.874,27510.331,29912.986,34302.415,40111.752,41842.698,44403.814,50315.557,47469.38,38601.319,39122.192,41649.659,42023.101,42981.253,47003.879,44494.861,40657.859,39976.784,42579.817,41030.232,40391.839,41504.889,42842.465,44311.93,45934.896
United States,12552.943,13948.701,14404.994,15513.679,17086.441,18199.32,19034.766,20000.968,21375.999,22814.077,23847.977,24302.776,25392.931,26364.192,27674.021,28671.48,29946.973,31440.087,32833.666,34494.539,36317.741,37101.103,37971.28,39411.546,41629.858,44025.56,46213.508,47869.24,48283.413,47007.674,48402.581,49825.501,51556.171,53061.235,55010.066,56787.457,57901.072,59999.508,62868.917,65111.596,67426.835,69643.836,71760.346,73953.425,76252.108
Uruguay,3810.865,4224.261,3431.162,1871.395,1768.228,1716.873,2119.542,2637.021,2712.191,2842.578,3289.118,3940.854,4501.823,5213.029,6015.243,6601.537,6974.809,7295.989,7667.105,7193.466,6817.363,6238.214,4073.418,3614.627,4102.584,5189.889,5842.813,6984.815,9029.327,9372.485,11859.898,14054.33,14961.681,16723.447,16572.362,15365.956,15139.12,17046.214,17014.132,17029.251,17818.921,18877.954,19549.336,20372.902,21200.61
Uzbekistan,no data,no data,no data,no data,no data,no data,no data,no data,no data,no data,no data,no data,204.157,308.501,358.606,549.093,737.525,754.921,755.895,849.409,686.385,574.391,471.134,488.077,572.034,673.856,792.878,1025.082,1294.692,1489.086,1696.058,1886.633,2097.086,2300.776,2514.073,2621.978,2575.518,1810.266,1550.036,1831.565,2094.938,2352.56,2609.464,2897.205,3202.104
Vanuatu,1053.849,956.137,930.89,931.689,1111.403,976.747,918.675,989.126,1092.048,1054.904,1141.043,1333.385,1357.696,1277.011,1422.849,1479.565,1511.705,1537.62,1441.112,1435.664,1422.228,1317.091,1313.463,1542.059,1743.287,1824.505,1985.357,2353.418,2614.735,2593.791,2841.251,3093.464,3067.747,3108.791,3110.706,2880.948,2929.517,3158.835,3254.874,3260.221,3361.283,3460.615,3567.624,3681.521,3799.053
Venezuela,4671.078,5085.58,5041.589,4883.234,3447.45,3472.186,3488.564,2619.24,3292.792,2378.158,2492.939,2685.293,2968.496,2876.077,2741.979,3559.77,3174.631,3777.785,3973.415,4121.578,4823.961,4965.408,3790.656,3265.553,4309.504,5419.794,6617.042,8138.285,10469.171,8448.319,10324.749,11548.906,11293.125,7869.442,7029.892,10568.1,9092.02,4755.031,3410.845,2547.761,2427.502,2409.427,no data,no data,no data
Vietnam,513.965,250.859,326.329,482.44,822.549,251.202,556.019,674.88,365.892,97.158,98.032,113.654,144.149,189.261,230.314,288.874,337.524,361.908,360.925,374.722,401.567,413.342,440.209,489.034,603.668,699.682,796.928,920.463,1154.493,1181.448,1297.226,1532.311,1750.756,1898.898,2047.429,2085.714,2172.012,2353.356,2551.123,2739.821,2954.637,3171.514,3406.143,3664.169,3952.096
Yemen,no data,no data,no data,no data,no data,no data,no data,no data,no data,no data,1046.183,1158.438,1351.436,1558.429,1919.182,840.832,411.266,418.526,374.911,439.292,539.641,532.421,560.031,597.771,682.148,797.704,881.648,971.326,1171.169,1060.926,1266.787,1302.302,1367.715,1515.946,1574.246,1307.164,963.976,819.339,895.344,943.343,709.312,732.278,780.008,804.886,814.783
Zambia,718.795,718.743,672.013,562.441,448.532,412.851,276.151,332.268,543.316,561.832,509.752,446.778,424.949,405.587,405.544,410.542,378.71,440.701,352.627,330.283,340.164,376.986,376.468,429.01,530.54,691.785,1030.282,1103.452,1365.692,1134.758,1456.162,1635.505,1724.711,1839.537,1727.026,1310.354,1252.698,1500.646,1503.401,1307.029,1236.192,1203.473,1179.288,1160.265,1147.79
Zimbabwe,no data,no data,no data,no data,no data,no data,no data,no data,no data,no data,1036.534,936.263,748.65,702.439,714.032,717.092,849.876,881.223,1029.202,1003.834,969.824,964.08,922.878,822.472,806.898,764.632,677.881,646.558,553.376,790.352,975.851,1131.836,1310.366,1421.548,1415.027,1425.014,1409.454,1516.28,1434.059,859.953,847.163,869.32,905.287,934.974,971.081
Africa (Region),no data,no data,no data,no data,no data,no data,no data,no data,no data,no data,1027.325,916.833,886.618,865.904,828.808,961.942,1050.296,1066.347,1054.566,845.062,847.358,800.859,795.968,927.779,1084.285,1244.602,1406.372,1602.709,1825.993,1692.551,1937.471,2105.767,2187.742,2205.835,2225.146,1977.705,1824.572,1794.797,1850.287,1877.989,1972.029,2054.231,2145.183,2243.606,2347.023
Asia and Pacific,957.52,1005.983,960.058,1002.525,1043.273,1047.093,1304.369,1520.386,1785.086,1825.479,1871.447,2028.582,2141.483,2373.48,2532.422,2836.951,2729.539,2590.617,2281.955,2504.811,2645.039,2438.477,2461.478,2715.421,3030.886,3243.429,3437.419,3890.221,4357.022,4439.487,5135.019,5837.935,6142.73,6171.931,6334.925,6241.839,6395.596,6741.169,7102.914,7317.398,7718.53,8204.949,8720.347,9265.474,9849.439
Australia and New Zealand,10326.769,11632.186,11373.053,10791.377,11588.94,10258.236,10732.465,12662.015,15771.289,17309.428,17923.949,17575.506,17006.402,16584.975,18821.119,20174.476,22297.876,22159.675,19409.037,20636.252,19695.061,18444.807,20614.767,26045.935,31377.948,34630.122,35870.596,42866.442,46245.64,42778.213,52625.923,62444.451,63762.853,61400.966,58778.015,49264.287,49861.474,53587.109,53928.147,51654.27,51157.773,52819.665,54701.596,56656.482,58577.159
Caribbean,1486.075,1610.812,1674.226,1652.354,1937.732,1429.683,1405.886,1389.341,1344.88,1443.229,1485.31,1550.913,1608.752,1687.209,1838.31,2106.277,2249.886,2407.02,2554.612,2655.549,2814.9,2866.663,2961.752,2756.043,2944.206,3740.808,3986.827,4487.776,4941.069,4420.888,4767.565,5109.752,5212.147,5290.797,5448.114,5511.265,5492.151,5682.369,5948.05,6041.133,6305.132,6619.674,6944.355,7288.619,7652.09
Central America,1190.844,1109.66,1115.714,1142.153,1145.013,1232.556,1039.112,1083.035,1095.088,1187.165,1109.577,1246.67,1381.148,1481.701,1491.035,1610.177,1670.015,1776.699,1883.829,1868.441,1924.635,1988.975,2049.124,2105.085,2228.461,2400.77,2619.201,2917.035,3261.869,3222.33,3521.665,3941.919,4223.824,4442.252,4650.241,4927.056,5126.832,5353.921,5445.725,5518.71,5745.582,5989.209,6242.384,6514.493,6835.072
Central Asia and the Caucasus,2132.148,2111.547,1875.285,1752.07,1667.262,1833.859,1982.413,2259.887,2335.486,2707.186,3735.77,no data,1904.843,2206.27,1642.926,2146.738,2322.227,2412.07,2506.723,2311.886,2414.623,no data,1893.505,2396.173,3059.578,3761.276,4257.539,5234.717,5991.709,5096.522,6026.051,6667.445,6982.087,7507.759,7295.29,6435.752,6046.816,5956.676,5543.99,5405.254,5824.02,6340.773,6785.45,7184.602,7606.402
East Asia,1329.752,1410.182,1321.584,1421.566,1489.066,1537.752,2075.456,2472.486,2978.289,3025.629,3039.793,3409.181,3722.719,4217.358,4533.941,5090.628,4751.584,4474.955,4067.498,4535.546,4877.562,4497.322,4490.562,4868.615,5368.764,5647.046,5872.091,6458.67,7370.38,7711.141,8763.502,10060.782,10748.379,10789.715,11209.186,11300.637,11607.053,12152.919,13077.278,13577.988,14418.117,15382.049,16412.265,17513.603,18707.825
Eastern Europe ,1903.165,2003.728,2154.295,2159.03,2048.906,2043.065,2122.925,2142.89,2456.848,no data,no data,no data,1029.93,1450.814,1901.641,2339.863,2703.859,2772.052,2430.479,2097.182,2296.477,2611.007,2963.639,3630.336,4644.672,5714.134,6951.329,9006.37,11294.677,8840.985,10012.989,11863.16,12039.521,12648.968,11920.791,8954.729,8803.03,10291.914,11233.733,11252.085,11719.537,12323.538,12967.994,13669.47,14418.637
Europe,8967.089,8038.688,7760.131,7541.678,7226.708,7466.358,10035.772,12295.673,13709.849,no data,no data,no data,13253.493,12147.668,13040.996,14764.465,15116.492,14209.31,14449.75,14305.03,13452.559,13676.351,14961.352,18155.253,21059.326,22278.332,24050.507,27988.262,30694.948,26908.851,27275.621,29974.416,28631.578,29784.703,30208.326,25854.993,25802.844,27364.717,29450.115,28816.329,29511.581,30702.458,31927.104,33215.298,34622.757
Middle East (Region),5494.944,5793.085,5447.439,5301.885,5060.764,4909.817,4801.262,5622.223,5834.918,6380.814,7790.724,5387.487,3365.827,3482.288,3756.802,4109.476,4617.041,4885.597,4749.779,5396.307,6525.876,6103.539,4684.291,4491.33,5271.956,6276.686,7206.306,8300.743,10048.429,8666.575,9994.222,12933.6,12556.802,12784.843,12767.431,10817.901,10625.764,11190.767,12095.275,11935.401,11945.425,12128.313,12431.123,12812.407,13308.773
North Africa,1548.108,1443.547,1455.732,1484.135,1496.108,1612.772,1624.691,1831.649,1882.168,2070.635,2054.792,1519.738,1512.939,1486.743,1452.467,1570.986,1709.586,1727.414,1746.463,1816.566,1877.948,1806.643,1637.644,1789.406,1985.869,2269.241,2551.115,2960.829,3511.563,3256.499,3652.749,3767.14,4180.436,4046.7,3962.748,3650.473,3579.735,3084.178,3227.227,3387.223,3645.346,3746.349,3851.482,3968.488,4061.748
North America,10399.922,11625.359,11674.036,12362.219,13544.422,14329.686,14703.329,15513.453,16721.589,17924.59,18682.397,19142.964,19938.966,20769.121,21684.757,21957.719,22974.019,24234.144,25166.351,26551.674,28173.331,28775.96,29400.264,30539.666,32415.044,34536.317,36505.658,38059.659,38565.546,36765.264,38480.948,39984.4,41165.928,42269.464,43477.43,43765.88,44183.576,45904.625,47972.138,49502.242,51208.258,52899.924,54535.989,56242.06,58036.25
Pacific Islands ,1442.658,1398.278,1304.641,1254.044,1181.46,1078.77,1153.243,1219.452,1513.349,1445.438,1343.911,1495.796,1606.321,1753.347,1897.33,1735.354,1814.03,1714.797,1320.337,1266.106,1203.711,1076.643,1075.345,1278.185,1432.937,1604.947,1728.653,1913.179,2189.107,2042.434,2324.404,2769.301,3044.755,3015.06,3192.603,2955.497,2841.858,3003.662,3058.794,3066.539,3092.696,3129.008,3189.745,3268.139,3352.529
South America,2406.332,2367.329,1970.15,1806.483,1731.716,1879.662,2079.664,2164.205,2365.795,2550.547,2753.867,2770.382,2908.125,3087.687,3617.121,4510.198,4679.885,4903.204,4770.023,3785.83,3943.632,3573.584,2786.517,2962.85,3550.758,4480.64,5383.112,6593.042,7908.981,7499.288,9547.177,11166.499,11019.406,10892.49,10553.429,9012.189,8602.484,9252.937,8506.084,8163.08,8337.638,8749.12,9155.144,9591.736,10000.529
South Asia,284.475,292.407,295.59,307.664,301.678,318.258,329.256,357.008,373.826,371.398,390.218,344.743,357.107,347.316,386.11,420.111,444.59,457.099,454.129,477.325,474.834,477.439,493.797,566.775,646.798,728.102,814.685,1016.511,1017.85,1101.319,1326.148,1415.73,1414.695,1433.812,1550.105,1599.855,1709.691,1932.94,1968.91,2063.615,2193.497,2364.934,2554.296,2759.245,2979.371
Southeast Asia,752.194,753.362,781.516,779.438,854.007,732.801,730.119,768.975,799.325,845.901,943.505,1040.557,1162.917,1280.345,1436.944,1642.706,1791.192,1669.935,1011.041,1172.429,1236.569,1176.173,1294.029,1436.751,1601.821,1763.368,2084.767,2454.113,2823.234,2752.192,3370.116,3858.957,4038.538,4119.529,4092.56,3925.234,4059.497,4322.653,4545.133,4750.887,5011.738,5310.737,5632.018,5977.536,6342.355
Sub-Saharan Africa (Region) ,no data,no data,no data,no data,no data,no data,no data,no data,no data,no data,791.91,779.732,746.179,727.806,691.03,828.041,906.3,922.958,905.502,637.353,629.237,589.887,621.486,751.92,902.393,1040.254,1180.208,1337.027,1498.555,1390.882,1608.957,1790.82,1812.605,1861.004,1901.929,1668.105,1503.345,1557.201,1598.231,1603.55,1669.875,1750.779,1841.416,1938.815,2044.871
Western Europe,10518.185,9367.556,8999.759,8739.875,8384.387,8682.849,11814.783,14582.393,16240.486,16447.746,20282.993,21461.552,23219.07,21007.991,22220.54,25392.625,25806.139,24226.097,24918.574,24870.769,23042.246,23092.873,25074.489,30277.485,34639.636,35839.35,37928.818,43274.493,46178.662,41245.832,40896.227,44173.184,41585.153,43115.69,44368.402,38871.118,38830.48,40389.422,43283.921,42103.723,42914.954,44490.568,46090.681,47755.452,49591.496
Western Hemisphere (Region),6675.482,7300.821,7148.008,7428.387,8010.898,8458.905,8707.467,9145.867,9839.01,10528.833,10977.003,11212.863,11674.234,12168.47,12784.536,13288.686,13842.565,14570.58,14977.748,15249.577,16120.051,16248.715,16215.835,16841.805,18024.153,19494.139,20865.464,22174.071,23001.638,21894.115,23622.465,25068.046,25589.232,26071.875,26520.254,25995.442,26019.454,27155.254,27875.792,28497.202,29440.738,30472.907,31471.527,32513.699,33586.505
ASEAN-5,720.686,718.296,743.453,733.087,803.092,669.257,691.564,726.889,748.591,784.077,865.115,947.912,1058.578,1163.138,1297.132,1478.27,1617.656,1486.906,934.387,1117.093,1164.708,1113.5,1246.827,1395.531,1540.137,1691.506,2010.185,2360.584,2736.86,2656.115,3258.602,3705.772,3874.904,3947.847,3906.893,3741.04,3887.759,4152.254,4346.741,4592.445,4868.836,5176.185,5502.625,5852.5,6219.739
Advanced economies,10276.731,10361.676,10222.24,10571.256,10993.087,11508.954,13965.259,16141.728,18116.566,18768.308,20896.777,22122.036,23478.909,23288.501,24832.553,26907.789,26933.009,26262.86,26204.594,27425.178,27719.409,27253.664,28280.53,31523.745,34755.554,36347.344,37993.624,41220.209,43198.451,40556.194,42098.083,44948.938,44577.814,44768.849,45623.74,42964.728,43871.416,45556.021,47969.33,48248.022,49665.673,51464.45,53297.195,55220.943,57284.905
Emerging and Developing Asia,359.314,351.047,350.93,364.335,373.841,359.878,359.798,385.73,425.591,446.879,441.735,437.7,487.728,543.909,558.472,657.746,733.572,751.037,675.492,732.21,776.307,809.536,876.959,989.321,1135.195,1296.99,1522.097,1907.287,2274.229,2448.402,2921.211,3450.034,3767.796,4077.863,4361.73,4524.283,4568.804,4922.773,5310.564,5590.469,5989.154,6447.798,6930.021,7443.107,7992.915
Emerging and Developing Europe,1985.786,2043.034,2051.512,2007.749,1905.579,1963.708,2069.108,2188.126,2409.444,no data,no data,no data,1426.834,1852.454,2035.607,2435.099,2769.206,2860.541,2559.852,2210.21,2436.398,2492.809,2833.819,3500.211,4519.336,5615.236,6701.995,8580.248,10549.207,8252.092,9587.417,11188.253,11503.734,12153.33,11435.498,8829.174,8645.851,9746.934,10141.142,10049.41,10522.095,11151.492,11768.895,12384.948,13046.982
Emerging market and developing economies,871.578,894.327,830.137,798.738,782.036,780.183,781.529,844.286,914.065,980.55,1272.057,1150.312,946.204,1051.665,1117.83,1265.904,1389.619,1452.289,1366.433,1303.887,1407.421,1394.749,1361.772,1509.12,1772.066,2091.683,2443.927,2970.662,3518.752,3316.554,3936.483,4591.125,4789.256,5016.441,5110.976,4784.545,4699.127,5024.91,5259.575,5377.234,5650.734,5992.448,6351.676,6733.3,7139.175
Euro area,no data,no data,no data,no data,no data,no data,no data,no data,no data,no data,no data,19640.417,21566.816,19508.419,20540.994,24184.653,24495.432,21938.695,22291.081,22284.95,20255.25,20475.745,22247.268,27253.109,31076.881,32047.136,33888.74,38862.746,42495.223,38664.053,37740.864,40747.612,37706.207,39242.38,39985.852,34466.97,35192.216,37087.624,39979.377,38973.025,39983.811,41563.054,43105.475,44684.793,46425.603
European Union,8806.138,7876.05,7587.941,7369.119,7056.49,7294.282,9807.951,12016.079,13425.224,13612.22,16598.294,17585.022,18751.165,16782.034,17794.197,19947.979,20359.963,19212.312,19860.542,19804.642,18390.222,18531.54,20205.261,24472.098,28131.491,29281.934,31139.714,35854.009,38586.488,34328.794,33981.975,36624.236,34410.56,35780.039,36952.091,32410.76,32526.163,34050.897,36711.545,35773.907,36605.299,38072.719,39557.911,41105.995,42806.579
Latin America and the Caribbean,2473.118,2616.545,2101.743,1868.799,1903.19,2009.831,1952.837,2042.196,2263.558,2498.631,2719.357,2863.082,3081.359,3416.369,3808.3,4061.084,4284.507,4623.683,4584.838,4046.745,4362.897,4191.94,3670.677,3686.252,4187.966,5030.274,5833.768,6821.773,7842.416,7139.312,8828.096,10163.839,10097.977,10129.573,9962.471,8675.957,8239.61,8815.354,8411.276,8251.725,8455.937,8838.239,9221.913,9634.375,10038.923
Major advanced economies (G7),11242.405,11516.184,11401.25,11965.62,12528.864,13213.04,15889.09,18158.041,20290.918,20916.888,22941.373,24357.621,25945.379,26250.628,27883.058,30207.11,29975.757,29422.634,29647.728,31058.348,31608.119,31045.49,31853.917,34953.343,38161.783,39609.938,41093.379,43872.373,45674.413,43315.139,44711.132,47284.457,47300.885,47106.388,48064.705,45934.697,46948.61,48364.336,50824.713,51602.501,53281.787,55166.749,57057.152,59043.098,61167.375
Middle East and Central Asia,2133.742,2193.053,2104.367,2065.535,2027.574,2028.649,1997.878,2309.119,2377.727,2631.96,3116.547,2189.352,1335.65,1396.15,1452.582,1608.161,1794.207,1873.699,1845.027,2037.754,2338.225,2216.445,1745.929,1889.023,2231.675,2678.703,3136.03,3670.711,4399.256,3867.101,4438.311,5325.711,5352.531,5412.106,5393.579,4686.368,4498.44,4525.276,4814.153,4752.985,4799.737,4906.064,5058.975,5242.119,5453.278
Other advanced economies,6822.664,6895.093,6760.602,6673.367,6918.902,6823.311,8242.757,10043.85,11719.642,12618.178,14371.591,15120.795,15930.123,15570.818,17298.805,18706.372,19753.949,18976.507,16972.002,18057.933,18466.884,17722.643,19162.665,21946.974,24928.559,27337.614,29376.277,33321.752,34828.131,31739.496,36280.781,41117.645,41086.154,42152.167,42593.633,38882.425,39352.551,41940.734,43645.475,42463.438,42989.971,44633.841,46474.039,48429.233,50516.765
Sub-Saharan Africa,no data,no data,no data,no data,no data,no data,no data,no data,no data,no data,831.17,817.552,780.662,757.744,717.638,859.03,938.973,953.636,934.377,651.669,639.686,594.617,624.846,758.108,909.654,1043.479,1177.009,1324.754,1489.2,1390.998,1608.476,1782.15,1830.362,1877.841,1914.311,1667.424,1507.376,1575.029,1630.681,1640.208,1707.448,1792.365,1887.052,1988.791,2099.538
World,2848.893,2864.934,2763.29,2788.163,2836.915,2913.985,3368.072,3810.229,4213.157,4356.777,4755.078,4845.5,4795.589,4844.275,5123.718,5618.325,5686.087,5588.619,5444.69,5562.585,5665.162,5553.496,5648.111,6235.515,6931.764,7417.542,7938.567,8849.793,9581.86,8971.959,9692.498,10655.632,10723.328,10901.285,11065.823,10359.225,10380.734,10859.068,11365.469,11464.07,11855.714,12356.775,12874.519,13421.027,14003.494
,,,,,,,,,,,,,,,,,,,,,,,,,,,,,,,,,,,,,,,,,,,,,
"©IMF, 2019",,,,,,,,,,,,,,,,,,,,,,,,,,,,,,,,,,,,,,,,,,,,,
